"""Fiskál.rok/období"""0FISCPER:0FISCPER;"""Kapitola"""0FM_AREA:0FM_AREA;"""IČO"""ZC_UCJED__ZC_ICO:ZC_ICO;"""Účelový znak"""ZC_ZREUZ:ZC_ZREUZ;"""Kód územního celku"""ZC_LAU:ZC_LAU;"""Položka"""ZCMMT_ITM:ZCMMT_ITM;"""Skutečnost"""515ZXV8DTAJB414WHCVJQIBY1:ZU_ROZKZ
2025001;0304;00006599;04001;CZ020;5323;0.00 
2025001;0304;00006599;04001;CZ031;5323;0.00 
2025001;0304;00006599;04001;CZ032;5323;0.00 
2025001;0304;00006599;04001;CZ041;5323;0.00 
2025001;0304;00006599;04001;CZ042;5323;0.00 
2025001;0304;00006599;04001;CZ051;5323;0.00 
2025001;0304;00006599;04001;CZ052;5323;0.00 
2025001;0304;00006599;04001;CZ053;5323;0.00 
2025001;0304;00006599;04001;CZ063;5323;0.00 
2025001;0304;00006599;04001;CZ064;5323;0.00 
2025001;0304;00006599;04001;CZ071;5323;0.00 
2025001;0304;00006599;04001;CZ072;5323;0.00 
2025001;0304;00006599;04001;CZ080;5323;0.00 
2025001;0313;00551023;13021;CZ020;5323;462412.04 
2025001;0313;00551023;13021;CZ0202;5321;1231141.69 
2025001;0313;00551023;13021;CZ032;5323;1772136.40 
2025001;0313;00551023;13021;CZ041;5323;917630.99 
2025001;0313;00551023;13021;CZ0413;5321;624666.24 
2025001;0313;00551023;13021;CZ042;5323;2466565.15 
2025001;0313;00551023;13021;CZ0421;5321;2597944.85 
2025001;0313;00551023;13021;CZ0424;5321;1352598.92 
2025001;0313;00551023;13021;CZ0426;5321;1160705.33 
2025001;0313;00551023;13021;CZ051;5323;1673998.17 
2025001;0313;00551023;13021;CZ0512;5321;0.00 
2025001;0313;00551023;13021;CZ0513;5321;1827996.66 
2025001;0313;00551023;13021;CZ052;5323;33715943.46 
2025001;0313;00551023;13021;CZ0521;5329;0.00 
2025001;0313;00551023;13021;CZ053;5323;46678071.78 
2025001;0313;00551023;13021;CZ063;5323;1219444.19 
2025001;0313;00551023;13021;CZ0642;5321;7204954.40 
2025001;0313;00551023;13021;CZ0644;5321;1604653.33 
2025001;0313;00551023;13021;CZ0646;5321;0.00 
2025001;0313;00551023;13021;CZ071;5323;4301900.93 
2025001;0313;00551023;13021;CZ0711;5321;656143.74 
2025001;0313;00551023;13021;CZ0712;5321;1896056.38 
2025001;0313;00551023;13021;CZ0712;5329;0.00 
2025001;0313;00551023;13021;CZ080;5323;1326925.84 
2025001;0313;00551023;13021;CZ0803;5321;0.00 
2025001;0313;00551023;13023;CZ0100;5321;3559367.85 
2025001;0313;00551023;13023;CZ0201;5321;12820.92 
2025001;0313;00551023;13023;CZ0205;5321;211390.48 
2025001;0313;00551023;13023;CZ0206;5321;63403.82 
2025001;0313;00551023;13023;CZ0209;5321;587669.34 
2025001;0313;00551023;13023;CZ020A;5321;686337.90 
2025001;0313;00551023;13023;CZ0317;5321;148963.31 
2025001;0313;00551023;13023;CZ041;5323;293.26 
2025001;0313;00551023;13023;CZ0521;5321;4667.82 
2025001;0313;00551023;13023;CZ0522;5321;6550.61 
2025001;0313;00551023;13023;CZ0525;5321;17395.47 
2025001;0313;00551023;13023;CZ0531;5321;93000.60 
2025001;0313;00551023;13023;CZ0532;5321;140056.00 
2025001;0313;00551023;13023;CZ0635;5321;441784.49 
2025001;0313;00551023;13023;CZ064;5323;183425.47 
2025001;0313;00551023;13023;CZ0641;5321;73719.93 
2025001;0313;00551023;13023;CZ0643;5321;18048.84 
2025001;0313;00551023;13023;CZ0645;5321;32425.62 
2025001;0313;00551023;13023;CZ080;5323;36190.31 
2025001;0313;00551023;13023;CZ0801;5321;435094.70 
2025001;0313;00551023;13307;CZ0100;5321;31500000.00 
2025001;0313;00551023;13307;CZ020;5323;10700000.00 
2025001;0313;00551023;13307;CZ031;5323;11000000.00 
2025001;0313;00551023;13307;CZ032;5323;20700000.00 
2025001;0313;00551023;13307;CZ041;5323;3100000.00 
2025001;0313;00551023;13307;CZ042;5323;60000000.00 
2025001;0313;00551023;13307;CZ051;5323;8900000.00 
2025001;0313;00551023;13307;CZ052;5323;16200000.00 
2025001;0313;00551023;13307;CZ053;5323;11000000.00 
2025001;0313;00551023;13307;CZ063;5323;12600000.00 
2025001;0313;00551023;13307;CZ064;5323;22000000.00 
2025001;0313;00551023;13307;CZ071;5323;17800000.00 
2025001;0313;00551023;13307;CZ072;5323;4900000.00 
2025001;0313;00551023;13307;CZ080;5323;27000000.00 
2025001;0313;00551023;13502;CZ0100;6341;0.00 
2025001;0313;00551023;13502;CZ0204;5321;0.00 
2025001;0313;00551023;13502;CZ0204;6341;0.00 
2025001;0313;00551023;13502;CZ0205;6341;0.00 
2025001;0313;00551023;13502;CZ0208;5321;0.00 
2025001;0313;00551023;13502;CZ0208;6341;0.00 
2025001;0313;00551023;13502;CZ0209;6341;0.00 
2025001;0313;00551023;13502;CZ031;6342;0.00 
2025001;0313;00551023;13502;CZ0321;6341;0.00 
2025001;0313;00551023;13502;CZ0322;6341;0.00 
2025001;0313;00551023;13502;CZ0324;5321;0.00 
2025001;0313;00551023;13502;CZ0324;6341;0.00 
2025001;0313;00551023;13502;CZ0325;5321;0.00 
2025001;0313;00551023;13502;CZ0325;6341;0.00 
2025001;0313;00551023;13502;CZ0411;5321;0.00 
2025001;0313;00551023;13502;CZ0411;6341;0.00 
2025001;0313;00551023;13502;CZ0413;6341;0.00 
2025001;0313;00551023;13502;CZ0422;6341;0.00 
2025001;0313;00551023;13502;CZ0423;6341;0.00 
2025001;0313;00551023;13502;CZ052;5323;0.00 
2025001;0313;00551023;13502;CZ052;6342;0.00 
2025001;0313;00551023;13502;CZ0521;6341;0.00 
2025001;0313;00551023;13502;CZ0522;5321;0.00 
2025001;0313;00551023;13502;CZ0522;6341;0.00 
2025001;0313;00551023;13502;CZ0533;5321;0.00 
2025001;0313;00551023;13502;CZ0533;6341;0.00 
2025001;0313;00551023;13502;CZ0533;6349;0.00 
2025001;0313;00551023;13502;CZ0534;6341;0.00 
2025001;0313;00551023;13502;CZ063;6342;0.00 
2025001;0313;00551023;13502;CZ0633;6341;0.00 
2025001;0313;00551023;13502;CZ0634;6341;0.00 
2025001;0313;00551023;13502;CZ0635;5321;900.00 
2025001;0313;00551023;13502;CZ0635;6341;801123.87 
2025001;0313;00551023;13502;CZ0641;5321;0.00 
2025001;0313;00551023;13502;CZ0641;6341;0.00 
2025001;0313;00551023;13502;CZ0643;6341;4128495.16 
2025001;0313;00551023;13502;CZ0645;5321;0.00 
2025001;0313;00551023;13502;CZ0645;6341;0.00 
2025001;0313;00551023;13502;CZ0647;5321;0.00 
2025001;0313;00551023;13502;CZ0647;6341;0.00 
2025001;0313;00551023;13502;CZ0713;5321;0.00 
2025001;0313;00551023;13502;CZ0713;6341;0.00 
2025001;0313;00551023;13502;CZ0721;6341;0.00 
2025001;0313;00551023;13502;CZ0724;6341;0.00 
2025001;0313;00551023;13502;CZ080;6342;0.00 
2025001;0313;00551023;13502;CZ0804;5321;0.00 
2025001;0313;00551023;13502;CZ0804;6341;0.00 
2025001;0313;00551023;13502;CZ0805;5321;0.00 
2025001;0313;00551023;13502;CZ0805;6341;0.00 
2025001;0313;00551023;13502;CZ0806;5321;0.00 
2025001;0313;00551023;13502;CZ0806;6341;0.00 
2025001;0313;72496991;13007;CZ0314;5321;0.00 
2025001;0313;72496991;13007;CZ0314;5329;0.00 
2025001;0313;72496991;13007;CZ0315;5321;0.00 
2025001;0313;72496991;13007;CZ0315;5329;0.00 
2025001;0313;72496991;13007;CZ0316;5321;0.00 
2025001;0313;72496991;13007;CZ0316;5329;0.00 
2025001;0313;72496991;13007;CZ0423;5321;0.00 
2025001;0313;72496991;13007;CZ0424;5321;0.00 
2025001;0313;72496991;13007;CZ0633;5321;0.00 
2025001;0313;72496991;13007;CZ0634;5321;0.00 
2025001;0313;72496991;13007;CZ0643;5321;0.00 
2025001;0313;72496991;13007;CZ0724;5321;0.00 
2025001;0313;72496991;13007;CZ0805;5321;0.00 
2025001;0313;72496991;13010;CZ0100;5321;4222950.00 
2025001;0313;72496991;13010;CZ0201;5321;0.00 
2025001;0313;72496991;13010;CZ0202;5321;0.00 
2025001;0313;72496991;13010;CZ0203;5321;0.00 
2025001;0313;72496991;13010;CZ0204;5321;0.00 
2025001;0313;72496991;13010;CZ0205;5321;0.00 
2025001;0313;72496991;13010;CZ0206;5321;0.00 
2025001;0313;72496991;13010;CZ0207;5321;14850.00 
2025001;0313;72496991;13010;CZ0208;5321;0.00 
2025001;0313;72496991;13010;CZ0209;5321;0.00 
2025001;0313;72496991;13010;CZ020A;5321;0.00 
2025001;0313;72496991;13010;CZ020B;5321;0.00 
2025001;0313;72496991;13010;CZ020C;5321;0.00 
2025001;0313;72496991;13010;CZ0311;5321;396000.00 
2025001;0313;72496991;13010;CZ0312;5321;990000.00 
2025001;0313;72496991;13010;CZ0313;5321;3647000.00 
2025001;0313;72496991;13010;CZ0316;5321;330000.00 
2025001;0313;72496991;13010;CZ0317;5321;0.00 
2025001;0313;72496991;13010;CZ0324;5321;0.00 
2025001;0313;72496991;13010;CZ0325;5321;0.00 
2025001;0313;72496991;13010;CZ0421;5321;4082000.00 
2025001;0313;72496991;13010;CZ0422;5321;4971500.00 
2025001;0313;72496991;13010;CZ0423;5321;1620000.00 
2025001;0313;72496991;13010;CZ0424;5321;0.00 
2025001;0313;72496991;13010;CZ0425;5321;5397500.00 
2025001;0313;72496991;13010;CZ0426;5321;0.00 
2025001;0313;72496991;13010;CZ0427;5321;3408000.00 
2025001;0313;72496991;13010;CZ0512;5321;0.00 
2025001;0313;72496991;13010;CZ0513;5321;0.00 
2025001;0313;72496991;13010;CZ0521;5321;0.00 
2025001;0313;72496991;13010;CZ0522;5321;0.00 
2025001;0313;72496991;13010;CZ0523;5321;0.00 
2025001;0313;72496991;13010;CZ0524;5321;0.00 
2025001;0313;72496991;13010;CZ0525;5321;0.00 
2025001;0313;72496991;13010;CZ0531;5321;14850.00 
2025001;0313;72496991;13010;CZ0532;5321;0.00 
2025001;0313;72496991;13010;CZ0533;5321;0.00 
2025001;0313;72496991;13010;CZ0534;5321;0.00 
2025001;0313;72496991;13010;CZ0631;5321;0.00 
2025001;0313;72496991;13010;CZ0632;5321;14850.00 
2025001;0313;72496991;13010;CZ0633;5321;0.00 
2025001;0313;72496991;13010;CZ0634;5321;4950.00 
2025001;0313;72496991;13010;CZ0635;5321;0.00 
2025001;0313;72496991;13010;CZ0641;5321;0.00 
2025001;0313;72496991;13010;CZ0642;5321;0.00 
2025001;0313;72496991;13010;CZ0643;5321;0.00 
2025001;0313;72496991;13010;CZ0644;5321;66000.00 
2025001;0313;72496991;13010;CZ0645;5321;0.00 
2025001;0313;72496991;13010;CZ0646;5321;198000.00 
2025001;0313;72496991;13010;CZ0647;5321;0.00 
2025001;0313;72496991;13010;CZ0711;5321;0.00 
2025001;0313;72496991;13010;CZ0712;5321;0.00 
2025001;0313;72496991;13010;CZ0713;5321;0.00 
2025001;0313;72496991;13010;CZ0714;5321;0.00 
2025001;0313;72496991;13010;CZ0715;5321;0.00 
2025001;0313;72496991;13010;CZ0721;5321;813450.00 
2025001;0313;72496991;13010;CZ0723;5321;3720000.00 
2025001;0313;72496991;13010;CZ0724;5321;2268000.00 
2025001;0313;72496991;13010;CZ0801;5321;1338000.00 
2025001;0313;72496991;13010;CZ0802;5321;0.00 
2025001;0313;72496991;13010;CZ0803;5321;2820000.00 
2025001;0313;72496991;13010;CZ0806;5321;0.00 
2025001;0313;72496991;13017;CZ041;5323;0.00 
2025001;0313;72496991;13017;CZ0411;5321;5171.00 
2025001;0313;72496991;13017;CZ0413;5321;0.00 
2025001;0313;72496991;13017;CZ0421;5321;0.00 
2025001;0313;72496991;13017;CZ0422;5321;0.00 
2025001;0313;72496991;13017;CZ0423;5321;0.00 
2025001;0313;72496991;13017;CZ0424;5321;2954.57 
2025001;0313;72496991;13017;CZ0425;5321;0.00 
2025001;0313;72496991;13017;CZ0426;5321;0.00 
2025001;0313;72496991;13017;CZ0427;5321;0.00 
2025001;0313;72496991;13017;CZ0521;5321;0.00 
2025001;0313;72496991;13017;CZ0642;5321;0.00 
2025001;0313;72496991;13017;CZ0715;5321;0.00 
2025001;0313;72496991;13017;CZ0723;5321;0.00 
2025001;0313;72496991;13017;CZ0802;5321;500.00 
2025001;0313;72496991;13017;CZ0806;5321;0.00 
2025001;0313;72496991;13022;CZ0201;5321;276319.00 
2025001;0313;72496991;13022;CZ0202;5321;128609.00 
2025001;0313;72496991;13022;CZ0203;5321;55400.00 
2025001;0313;72496991;13022;CZ0204;5321;102600.00 
2025001;0313;72496991;13022;CZ0205;5321;266671.00 
2025001;0313;72496991;13022;CZ0206;5321;89360.00 
2025001;0313;72496991;13022;CZ0207;5321;50841.00 
2025001;0313;72496991;13022;CZ0208;5321;163794.00 
2025001;0313;72496991;13022;CZ0209;5321;55600.00 
2025001;0313;72496991;13022;CZ020B;5321;43100.00 
2025001;0313;72496991;13022;CZ020C;5321;212700.00 
2025001;0313;72496991;13022;CZ0311;5321;85700.00 
2025001;0313;72496991;13022;CZ0312;5321;81382.00 
2025001;0313;72496991;13022;CZ0313;5321;108526.00 
2025001;0313;72496991;13022;CZ0314;5329;120219.00 
2025001;0313;72496991;13022;CZ0315;5321;247217.00 
2025001;0313;72496991;13022;CZ0316;5321;212210.00 
2025001;0313;72496991;13022;CZ0317;5321;156400.00 
2025001;0313;72496991;13022;CZ0321;5321;139630.00 
2025001;0313;72496991;13022;CZ0322;5321;237265.00 
2025001;0313;72496991;13022;CZ0323;5321;39744.00 
2025001;0313;72496991;13022;CZ0324;5321;193304.00 
2025001;0313;72496991;13022;CZ0325;5321;184631.00 
2025001;0313;72496991;13022;CZ0326;5321;228788.00 
2025001;0313;72496991;13022;CZ0327;5321;90945.00 
2025001;0313;72496991;13022;CZ0411;5321;122894.00 
2025001;0313;72496991;13022;CZ0412;5321;463165.00 
2025001;0313;72496991;13022;CZ0413;5321;214184.00 
2025001;0313;72496991;13022;CZ0421;5321;846880.00 
2025001;0313;72496991;13022;CZ0422;5321;139322.00 
2025001;0313;72496991;13022;CZ0423;5321;381477.00 
2025001;0313;72496991;13022;CZ0424;5321;1019513.00 
2025001;0313;72496991;13022;CZ0425;5321;321338.00 
2025001;0313;72496991;13022;CZ0426;5321;213700.00 
2025001;0313;72496991;13022;CZ0427;5321;382385.00 
2025001;0313;72496991;13022;CZ0511;5321;285598.00 
2025001;0313;72496991;13022;CZ0512;5321;175942.00 
2025001;0313;72496991;13022;CZ0513;5321;144407.00 
2025001;0313;72496991;13022;CZ0514;5321;225392.00 
2025001;0313;72496991;13022;CZ0521;5321;144050.00 
2025001;0313;72496991;13022;CZ0522;5321;233503.00 
2025001;0313;72496991;13022;CZ0523;5321;529796.00 
2025001;0313;72496991;13022;CZ0524;5321;450058.00 
2025001;0313;72496991;13022;CZ0525;5321;240665.00 
2025001;0313;72496991;13022;CZ0531;5321;249600.00 
2025001;0313;72496991;13022;CZ0532;5321;50900.00 
2025001;0313;72496991;13022;CZ0533;5321;30800.00 
2025001;0313;72496991;13022;CZ0533;5329;13500.00 
2025001;0313;72496991;13022;CZ0534;5321;115800.00 
2025001;0313;72496991;13022;CZ0631;5321;298997.00 
2025001;0313;72496991;13022;CZ0632;5321;31000.00 
2025001;0313;72496991;13022;CZ0633;5321;105439.00 
2025001;0313;72496991;13022;CZ0634;5321;253244.00 
2025001;0313;72496991;13022;CZ0635;5321;167963.00 
2025001;0313;72496991;13022;CZ0641;5321;91400.00 
2025001;0313;72496991;13022;CZ0642;5321;0.00 
2025001;0313;72496991;13022;CZ0643;5321;100975.00 
2025001;0313;72496991;13022;CZ0644;5321;0.00 
2025001;0313;72496991;13022;CZ0645;5321;134057.00 
2025001;0313;72496991;13022;CZ0646;5321;96408.00 
2025001;0313;72496991;13022;CZ0647;5321;69900.00 
2025001;0313;72496991;13022;CZ0711;5321;523467.00 
2025001;0313;72496991;13022;CZ0712;5321;212125.00 
2025001;0313;72496991;13022;CZ0713;5321;865930.00 
2025001;0313;72496991;13022;CZ0714;5321;239728.00 
2025001;0313;72496991;13022;CZ0715;5321;359233.00 
2025001;0313;72496991;13022;CZ0721;5321;128876.00 
2025001;0313;72496991;13022;CZ0722;5321;79469.00 
2025001;0313;72496991;13022;CZ0723;5321;149064.00 
2025001;0313;72496991;13022;CZ0724;5321;100631.00 
2025001;0313;72496991;13022;CZ0801;5321;839119.00 
2025001;0313;72496991;13022;CZ0801;5329;30000.00 
2025001;0313;72496991;13022;CZ0802;5321;178813.00 
2025001;0313;72496991;13022;CZ0802;5329;11250.00 
2025001;0313;72496991;13022;CZ0803;5321;195223.00 
2025001;0313;72496991;13022;CZ0803;5329;0.00 
2025001;0313;72496991;13022;CZ0804;5321;298438.00 
2025001;0313;72496991;13022;CZ0804;5329;12761.00 
2025001;0313;72496991;13022;CZ0805;5321;303166.00 
2025001;0313;72496991;13022;CZ0805;5329;0.00 
2025001;0313;72496991;13022;CZ0806;5321;119063.00 
2025001;0313;72496991;13022;CZ0806;5329;0.00 
2025001;0313;72496991;13101;CZ0203;5321;0.00 
2025001;0313;72496991;13101;CZ0204;5321;12500.00 
2025001;0313;72496991;13101;CZ0207;5321;0.00 
2025001;0313;72496991;13101;CZ0208;5321;143266.00 
2025001;0313;72496991;13101;CZ020B;5321;34000.00 
2025001;0313;72496991;13101;CZ020C;5321;0.00 
2025001;0313;72496991;13101;CZ0313;5321;0.00 
2025001;0313;72496991;13101;CZ0314;5321;25000.00 
2025001;0313;72496991;13101;CZ0321;5321;0.00 
2025001;0313;72496991;13101;CZ0322;5321;0.00 
2025001;0313;72496991;13101;CZ0323;5321;0.00 
2025001;0313;72496991;13101;CZ0324;5321;0.00 
2025001;0313;72496991;13101;CZ0325;5321;0.00 
2025001;0313;72496991;13101;CZ0326;5321;0.00 
2025001;0313;72496991;13101;CZ0327;5321;0.00 
2025001;0313;72496991;13101;CZ0411;5321;12500.00 
2025001;0313;72496991;13101;CZ0412;5321;36225.00 
2025001;0313;72496991;13101;CZ0413;5321;133064.00 
2025001;0313;72496991;13101;CZ0421;5321;12500.00 
2025001;0313;72496991;13101;CZ0422;5321;12500.00 
2025001;0313;72496991;13101;CZ0423;5321;0.00 
2025001;0313;72496991;13101;CZ0424;5321;40826.00 
2025001;0313;72496991;13101;CZ0425;5321;235326.00 
2025001;0313;72496991;13101;CZ0426;5321;0.00 
2025001;0313;72496991;13101;CZ0427;5321;322786.00 
2025001;0313;72496991;13101;CZ0511;5321;112986.00 
2025001;0313;72496991;13101;CZ0512;5321;212500.00 
2025001;0313;72496991;13101;CZ0513;5321;451194.00 
2025001;0313;72496991;13101;CZ0514;5321;0.00 
2025001;0313;72496991;13101;CZ0521;5321;0.00 
2025001;0313;72496991;13101;CZ0522;5321;34000.00 
2025001;0313;72496991;13101;CZ0523;5321;49117.00 
2025001;0313;72496991;13101;CZ0524;5321;0.00 
2025001;0313;72496991;13101;CZ0525;5321;0.00 
2025001;0313;72496991;13101;CZ0531;5321;31000.00 
2025001;0313;72496991;13101;CZ0632;5321;12500.00 
2025001;0313;72496991;13101;CZ0641;5321;0.00 
2025001;0313;72496991;13101;CZ0642;5321;0.00 
2025001;0313;72496991;13101;CZ0643;5321;0.00 
2025001;0313;72496991;13101;CZ0644;5321;0.00 
2025001;0313;72496991;13101;CZ0645;5321;17000.00 
2025001;0313;72496991;13101;CZ0646;5321;0.00 
2025001;0313;72496991;13101;CZ0647;5321;0.00 
2025001;0313;72496991;13101;CZ0711;5321;346464.00 
2025001;0313;72496991;13101;CZ0712;5321;37500.00 
2025001;0313;72496991;13101;CZ0713;5321;62500.00 
2025001;0313;72496991;13101;CZ0714;5321;56700.00 
2025001;0313;72496991;13101;CZ0715;5321;161568.00 
2025001;0313;72496991;13101;CZ0721;5321;12500.00 
2025001;0313;72496991;13101;CZ0722;5321;0.00 
2025001;0313;72496991;13101;CZ0723;5321;12500.00 
2025001;0313;72496991;13101;CZ0724;5321;0.00 
2025001;0313;72496991;13101;CZ0801;5321;467207.00 
2025001;0313;72496991;13101;CZ0802;5321;56700.00 
2025001;0313;72496991;13101;CZ0803;5321;176531.00 
2025001;0313;72496991;13101;CZ0804;5321;0.00 
2025001;0313;72496991;13101;CZ0805;5321;33500.00 
2025001;0313;72496991;13101;CZ0806;5321;117130.00 
2025001;0313;72496991;13502;CZ0201;5321;63355.20 
2025001;0313;72496991;13502;CZ0203;5321;0.00 
2025001;0313;72496991;13502;CZ020A;5321;0.00 
2025001;0313;72496991;13502;CZ0313;5321;0.00 
2025001;0313;72496991;13502;CZ0412;5321;0.00 
2025001;0313;72496991;13502;CZ0421;5321;0.00 
2025001;0313;72496991;13502;CZ0422;5321;0.00 
2025001;0313;72496991;13502;CZ0423;5321;0.00 
2025001;0313;72496991;13502;CZ0424;5321;0.00 
2025001;0313;72496991;13502;CZ0425;5321;0.00 
2025001;0313;72496991;13502;CZ0426;5321;0.00 
2025001;0313;72496991;13502;CZ0427;5321;0.00 
2025001;0314;00007064;14336;CZ0423;5321;0.00 
2025001;0314;00007064;14336;CZ0802;5321;0.00 
2025001;0314;00007064;14502;CZ0632;6341;0.00 
2025001;0315;00164801;15016;CZ0100;5321;54540.00 
2025001;0315;00164801;15016;CZ0202;5321;889829.34 
2025001;0315;00164801;15016;CZ0204;5321;216163.34 
2025001;0315;00164801;15016;CZ0205;5321;71498.79 
2025001;0315;00164801;15016;CZ0207;5321;141120.43 
2025001;0315;00164801;15016;CZ0208;5321;88554.14 
2025001;0315;00164801;15016;CZ0209;5321;301690.32 
2025001;0315;00164801;15016;CZ020A;5321;181708.31 
2025001;0315;00164801;15016;CZ020C;5321;189241.94 
2025001;0315;00164801;15016;CZ0311;5321;3253306.23 
2025001;0315;00164801;15016;CZ0315;5321;79886.07 
2025001;0315;00164801;15016;CZ0317;5321;349609.10 
2025001;0315;00164801;15016;CZ032;5323;290124.68 
2025001;0315;00164801;15016;CZ0324;5321;2729.27 
2025001;0315;00164801;15016;CZ0422;5329;1827423.68 
2025001;0315;00164801;15016;CZ0423;5321;291469.80 
2025001;0315;00164801;15016;CZ0511;5321;71075.86 
2025001;0315;00164801;15016;CZ0514;5321;58412.95 
2025001;0315;00164801;15016;CZ0525;5321;937673.10 
2025001;0315;00164801;15016;CZ0531;5321;270059.86 
2025001;0315;00164801;15016;CZ0533;5321;6072291.00 
2025001;0315;00164801;15016;CZ0534;5321;308608.87 
2025001;0315;00164801;15016;CZ0632;5321;29986.49 
2025001;0315;00164801;15016;CZ0633;5321;238722.31 
2025001;0315;00164801;15016;CZ0634;5321;475803.79 
2025001;0315;00164801;15016;CZ0634;5329;52783.19 
2025001;0315;00164801;15016;CZ0635;5321;126686.51 
2025001;0315;00164801;15016;CZ064;5323;724025.59 
2025001;0315;00164801;15016;CZ0643;5321;0.00 
2025001;0315;00164801;15016;CZ0711;5321;0.00 
2025001;0315;00164801;15016;CZ0712;5321;209642.44 
2025001;0315;00164801;15016;CZ0712;5329;77871.19 
2025001;0315;00164801;15016;CZ0713;5321;1533794.26 
2025001;0315;00164801;15016;CZ0713;5329;566566.77 
2025001;0315;00164801;15016;CZ0715;5321;2502346.96 
2025001;0315;00164801;15016;CZ0724;5321;771076.46 
2025001;0315;00164801;15016;CZ080;5323;639076.56 
2025001;0315;00164801;15016;CZ0804;5321;185432.50 
2025001;0315;00164801;15016;CZ0805;5321;2379352.02 
2025001;0315;00164801;15019;CZ080;5323;7621118.99 
2025001;0315;00164801;15019;CZ0803;5321;1715392.16 
2025001;0315;00164801;15019;CZ0804;5321;1116427.95 
2025001;0315;00164801;15019;CZ0806;5321;3914895.13 
2025001;0315;00164801;15501;CZ0100;6341;727200.00 
2025001;0315;00164801;15501;CZ0202;6341;4764086.98 
2025001;0315;00164801;15501;CZ0204;6341;6176095.57 
2025001;0315;00164801;15501;CZ0205;6341;2042822.73 
2025001;0315;00164801;15501;CZ0207;6341;4032012.72 
2025001;0315;00164801;15501;CZ0208;6341;2530118.40 
2025001;0315;00164801;15501;CZ0209;6341;8619723.60 
2025001;0315;00164801;15501;CZ020A;6341;461768.20 
2025001;0315;00164801;15501;CZ020C;6341;109432.40 
2025001;0315;00164801;15501;CZ0315;6341;1597721.39 
2025001;0315;00164801;15501;CZ0317;6341;7367334.32 
2025001;0315;00164801;15501;CZ032;6342;4001013.55 
2025001;0315;00164801;15501;CZ0324;6341;77979.26 
2025001;0315;00164801;15501;CZ0326;6341;1171229.04 
2025001;0315;00164801;15501;CZ0422;6349;1054515.00 
2025001;0315;00164801;15501;CZ0423;6341;8327708.85 
2025001;0315;00164801;15501;CZ0511;6341;2030739.08 
2025001;0315;00164801;15501;CZ0531;6341;3857998.10 
2025001;0315;00164801;15501;CZ0533;6341;1207806.78 
2025001;0315;00164801;15501;CZ0534;6341;8817396.15 
2025001;0315;00164801;15501;CZ0632;6341;428378.50 
2025001;0315;00164801;15501;CZ0633;6341;3410318.68 
2025001;0315;00164801;15501;CZ0634;6341;1458224.23 
2025001;0315;00164801;15501;CZ0634;6349;1508091.39 
2025001;0315;00164801;15501;CZ0635;6341;838227.50 
2025001;0315;00164801;15501;CZ064;6342;14209001.46 
2025001;0315;00164801;15501;CZ0643;6341;0.00 
2025001;0315;00164801;15501;CZ0711;6341;0.00 
2025001;0315;00164801;15501;CZ0712;6341;4192848.92 
2025001;0315;00164801;15501;CZ0712;6349;2224891.05 
2025001;0315;00164801;15501;CZ0713;6341;15894011.25 
2025001;0315;00164801;15501;CZ0713;6349;8093811.00 
2025001;0315;00164801;15501;CZ0715;6341;820694.29 
2025001;0315;00164801;15501;CZ0724;6341;15421529.22 
2025001;0315;00164801;15501;CZ080;6342;11071214.14 
2025001;0315;00164801;15501;CZ0804;6341;3708650.00 
2025001;0315;00164801;15501;CZ0805;6341;2025944.24 
2025001;0315;00164801;15505;CZ080;6342;7142091.61 
2025001;0315;00164801;15505;CZ0803;6341;3225080.95 
2025001;0315;00164801;15505;CZ0804;6341;3596700.50 
2025001;0315;00164801;15505;CZ0806;6341;7690832.97 
2025001;0315;62933591;15016;CZ0100;5321;0.00 
2025001;0315;62933591;15016;CZ020;5323;0.00 
2025001;0315;62933591;15016;CZ0201;5321;0.00 
2025001;0315;62933591;15016;CZ0204;5321;0.00 
2025001;0315;62933591;15016;CZ0205;5321;0.00 
2025001;0315;62933591;15016;CZ0206;5321;0.00 
2025001;0315;62933591;15016;CZ0207;5321;0.00 
2025001;0315;62933591;15016;CZ0209;5321;0.00 
2025001;0315;62933591;15016;CZ020A;5321;0.00 
2025001;0315;62933591;15016;CZ020B;5321;0.00 
2025001;0315;62933591;15016;CZ0311;5321;0.00 
2025001;0315;62933591;15016;CZ0313;5321;0.00 
2025001;0315;62933591;15016;CZ0314;5321;0.00 
2025001;0315;62933591;15016;CZ0316;5321;0.00 
2025001;0315;62933591;15016;CZ0317;5321;0.00 
2025001;0315;62933591;15016;CZ0321;5321;0.00 
2025001;0315;62933591;15016;CZ0322;5321;0.00 
2025001;0315;62933591;15016;CZ0325;5321;0.00 
2025001;0315;62933591;15016;CZ0325;6341;0.00 
2025001;0315;62933591;15016;CZ0326;5321;0.00 
2025001;0315;62933591;15016;CZ0411;5321;0.00 
2025001;0315;62933591;15016;CZ0413;5321;0.00 
2025001;0315;62933591;15016;CZ0424;5321;0.00 
2025001;0315;62933591;15016;CZ051;5323;0.00 
2025001;0315;62933591;15016;CZ0511;5321;0.00 
2025001;0315;62933591;15016;CZ0513;5321;0.00 
2025001;0315;62933591;15016;CZ0532;5321;0.00 
2025001;0315;62933591;15016;CZ0533;5321;0.00 
2025001;0315;62933591;15016;CZ0534;5321;0.00 
2025001;0315;62933591;15016;CZ063;5323;0.00 
2025001;0315;62933591;15016;CZ0631;5321;0.00 
2025001;0315;62933591;15016;CZ0632;5321;0.00 
2025001;0315;62933591;15016;CZ0633;5321;0.00 
2025001;0315;62933591;15016;CZ0634;5321;0.00 
2025001;0315;62933591;15016;CZ0634;6341;0.00 
2025001;0315;62933591;15016;CZ0635;5321;0.00 
2025001;0315;62933591;15016;CZ0641;5321;0.00 
2025001;0315;62933591;15016;CZ0643;5321;0.00 
2025001;0315;62933591;15016;CZ0644;5321;0.00 
2025001;0315;62933591;15016;CZ0645;5321;0.00 
2025001;0315;62933591;15016;CZ0646;5321;0.00 
2025001;0315;62933591;15016;CZ0647;5321;0.00 
2025001;0315;62933591;15016;CZ0711;5321;0.00 
2025001;0315;62933591;15016;CZ0712;5321;0.00 
2025001;0315;62933591;15016;CZ0713;5321;0.00 
2025001;0315;62933591;15016;CZ0714;5321;0.00 
2025001;0315;62933591;15016;CZ0715;5321;0.00 
2025001;0315;62933591;15016;CZ0721;5321;0.00 
2025001;0315;62933591;15016;CZ0722;5321;0.00 
2025001;0315;62933591;15016;CZ0723;5321;0.00 
2025001;0315;62933591;15016;CZ0724;5321;0.00 
2025001;0315;62933591;15016;CZ0802;5321;0.00 
2025001;0315;62933591;15016;CZ0804;5321;0.00 
2025001;0315;62933591;15016;CZ0805;5321;0.00 
2025001;0315;62933591;15016;CZ0806;5321;0.00 
2025001;0315;62933591;15017;CZ0100;5321;0.00 
2025001;0315;62933591;15017;CZ0201;5321;0.00 
2025001;0315;62933591;15017;CZ0202;5321;0.00 
2025001;0315;62933591;15017;CZ0203;5321;0.00 
2025001;0315;62933591;15017;CZ0204;5321;626999.99 
2025001;0315;62933591;15017;CZ0205;5321;0.00 
2025001;0315;62933591;15017;CZ0206;5321;0.00 
2025001;0315;62933591;15017;CZ0208;5321;0.00 
2025001;0315;62933591;15017;CZ0209;5321;0.00 
2025001;0315;62933591;15017;CZ020A;5321;0.00 
2025001;0315;62933591;15017;CZ020B;5321;0.00 
2025001;0315;62933591;15017;CZ020C;5321;0.00 
2025001;0315;62933591;15017;CZ031;5323;0.00 
2025001;0315;62933591;15017;CZ0311;5321;188800.00 
2025001;0315;62933591;15017;CZ0312;5321;0.00 
2025001;0315;62933591;15017;CZ0314;5321;0.00 
2025001;0315;62933591;15017;CZ0315;5321;0.00 
2025001;0315;62933591;15017;CZ0316;5321;0.00 
2025001;0315;62933591;15017;CZ0317;5321;0.00 
2025001;0315;62933591;15017;CZ032;5323;0.00 
2025001;0315;62933591;15017;CZ0321;5321;0.00 
2025001;0315;62933591;15017;CZ0322;5321;0.00 
2025001;0315;62933591;15017;CZ0324;5321;0.00 
2025001;0315;62933591;15017;CZ0325;5321;85755.00 
2025001;0315;62933591;15017;CZ0326;5321;0.00 
2025001;0315;62933591;15017;CZ0327;5321;69980.00 
2025001;0315;62933591;15017;CZ0411;5321;0.00 
2025001;0315;62933591;15017;CZ0421;5321;0.00 
2025001;0315;62933591;15017;CZ0423;5321;0.00 
2025001;0315;62933591;15017;CZ0424;5321;0.00 
2025001;0315;62933591;15017;CZ0513;5321;0.00 
2025001;0315;62933591;15017;CZ0514;5321;0.00 
2025001;0315;62933591;15017;CZ0521;5321;0.00 
2025001;0315;62933591;15017;CZ0522;5321;0.00 
2025001;0315;62933591;15017;CZ0523;5321;0.00 
2025001;0315;62933591;15017;CZ0524;5321;0.00 
2025001;0315;62933591;15017;CZ0525;5321;0.00 
2025001;0315;62933591;15017;CZ0531;5321;0.00 
2025001;0315;62933591;15017;CZ0532;5321;0.00 
2025001;0315;62933591;15017;CZ0533;5321;0.00 
2025001;0315;62933591;15017;CZ0534;5321;0.00 
2025001;0315;62933591;15017;CZ0631;5321;0.00 
2025001;0315;62933591;15017;CZ0632;5321;0.00 
2025001;0315;62933591;15017;CZ0633;5321;0.00 
2025001;0315;62933591;15017;CZ0634;5321;0.00 
2025001;0315;62933591;15017;CZ0635;5321;0.00 
2025001;0315;62933591;15017;CZ0641;5321;0.00 
2025001;0315;62933591;15017;CZ0643;5321;0.00 
2025001;0315;62933591;15017;CZ0644;5321;0.00 
2025001;0315;62933591;15017;CZ0645;5321;0.00 
2025001;0315;62933591;15017;CZ0646;5321;0.00 
2025001;0315;62933591;15017;CZ0647;5321;0.00 
2025001;0315;62933591;15017;CZ0712;5321;0.00 
2025001;0315;62933591;15017;CZ0713;5321;0.00 
2025001;0315;62933591;15017;CZ0714;5321;0.00 
2025001;0315;62933591;15017;CZ0715;5321;0.00 
2025001;0315;62933591;15017;CZ0721;5321;0.00 
2025001;0315;62933591;15017;CZ0722;5321;0.00 
2025001;0315;62933591;15017;CZ0724;5321;0.00 
2025001;0315;62933591;15017;CZ0801;5321;0.00 
2025001;0315;62933591;15017;CZ0802;5321;0.00 
2025001;0315;62933591;15017;CZ0804;5321;0.00 
2025001;0315;62933591;15017;CZ0805;5321;249997.22 
2025001;0315;62933591;15017;CZ0806;5321;36649.00 
2025001;0315;62933591;15091;CZ0641;5321;0.00 
2025001;0315;62933591;15501;CZ0204;6341;0.00 
2025001;0315;62933591;15501;CZ0206;6341;0.00 
2025001;0315;62933591;15501;CZ0209;6341;0.00 
2025001;0315;62933591;15501;CZ020A;6341;0.00 
2025001;0315;62933591;15501;CZ020B;6341;0.00 
2025001;0315;62933591;15501;CZ0311;6341;0.00 
2025001;0315;62933591;15501;CZ0314;6341;0.00 
2025001;0315;62933591;15501;CZ0317;6341;0.00 
2025001;0315;62933591;15501;CZ0321;6341;0.00 
2025001;0315;62933591;15501;CZ0411;6341;0.00 
2025001;0315;62933591;15501;CZ0413;6341;0.00 
2025001;0315;62933591;15501;CZ0532;6341;0.00 
2025001;0315;62933591;15501;CZ0534;6341;0.00 
2025001;0315;62933591;15501;CZ0631;6341;0.00 
2025001;0315;62933591;15501;CZ0632;6341;0.00 
2025001;0315;62933591;15501;CZ0633;6341;0.00 
2025001;0315;62933591;15501;CZ0634;5321;0.00 
2025001;0315;62933591;15501;CZ0634;6341;0.00 
2025001;0315;62933591;15501;CZ0635;6341;0.00 
2025001;0315;62933591;15501;CZ0643;6341;0.00 
2025001;0315;62933591;15501;CZ0646;6341;0.00 
2025001;0315;62933591;15501;CZ0711;6341;0.00 
2025001;0315;62933591;15501;CZ0712;6341;0.00 
2025001;0315;62933591;15501;CZ0714;6341;0.00 
2025001;0315;62933591;15501;CZ0715;6341;0.00 
2025001;0315;62933591;15501;CZ0804;6341;0.00 
2025001;0315;62933591;15501;CZ0806;6341;0.00 
2025001;0315;62933591;15502;CZ0311;5321;0.00 
2025001;0315;62933591;15502;CZ0321;6341;0.00 
2025001;0315;62933591;15502;CZ0513;6341;0.00 
2025001;0315;62933591;15502;CZ0524;6341;0.00 
2025001;0315;62933591;15502;CZ0534;6341;0.00 
2025001;0315;62933591;15502;CZ0646;6341;0.00 
2025001;0315;62933591;15502;CZ0647;6341;0.00 
2025001;0315;62933591;15502;CZ0721;6341;0.00 
2025001;0317;66002222;17078;CZ0100;5321;374958.03 
2025001;0317;66002222;17078;CZ064;5323;196236.40 
2025001;0317;66002222;17078;CZ0642;5321;342934.90 
2025001;0317;66002222;17078;CZ080;5323;230837.40 
2025001;0317;66002222;17078;CZ0806;5321;385366.28 
2025001;0317;66002222;17079;CZ0100;5321;812409.07 
2025001;0317;66002222;17079;CZ064;5323;425178.86 
2025001;0317;66002222;17079;CZ0642;5321;743025.62 
2025001;0317;66002222;17079;CZ080;5323;500147.70 
2025001;0317;66002222;17079;CZ0806;5321;834960.27 
2025001;0317;66002222;17084;CZ0201;5321;78136.35 
2025001;0317;66002222;17084;CZ0205;5321;357876.83 
2025001;0317;66002222;17084;CZ0206;5321;39434.55 
2025001;0317;66002222;17084;CZ0209;5321;64089.10 
2025001;0317;66002222;17084;CZ020A;5321;309722.35 
2025001;0317;66002222;17084;CZ031;5323;103315.60 
2025001;0317;66002222;17084;CZ0313;5321;9813.08 
2025001;0317;66002222;17084;CZ0315;5321;14719.63 
2025001;0317;66002222;17084;CZ0316;5321;8341.12 
2025001;0317;66002222;17084;CZ0321;5321;53109.03 
2025001;0317;66002222;17084;CZ0323;5321;364781.20 
2025001;0317;66002222;17084;CZ0325;5321;127945.68 
2025001;0317;66002222;17084;CZ051;5323;26067.36 
2025001;0317;66002222;17084;CZ0512;5321;450047.09 
2025001;0317;66002222;17084;CZ0513;5321;31049.66 
2025001;0317;66002222;17084;CZ0522;5321;14334.65 
2025001;0317;66002222;17084;CZ0531;5321;15228.84 
2025001;0317;66002222;17084;CZ0532;5321;29236.83 
2025001;0317;66002222;17084;CZ063;5323;13425.00 
2025001;0317;66002222;17084;CZ0631;5321;29439.25 
2025001;0317;66002222;17084;CZ0632;5321;322440.17 
2025001;0317;66002222;17084;CZ0634;5321;90267.99 
2025001;0317;66002222;17084;CZ0635;5321;375703.60 
2025001;0317;66002222;17084;CZ064;5323;53683.70 
2025001;0317;66002222;17084;CZ0641;5321;366855.11 
2025001;0317;66002222;17084;CZ0643;5321;1070219.49 
2025001;0317;66002222;17084;CZ0645;5321;236488.62 
2025001;0317;66002222;17084;CZ0646;5321;11362.52 
2025001;0317;66002222;17084;CZ071;5323;62882.35 
2025001;0317;66002222;17084;CZ0712;5321;30605.12 
2025001;0317;66002222;17084;CZ0802;5321;142238.20 
2025001;0317;66002222;17084;CZ0805;5321;569544.63 
2025001;0317;66002222;17084;CZ0806;5321;670414.65 
2025001;0317;66002222;17085;CZ0201;5321;364636.27 
2025001;0317;66002222;17085;CZ0205;5321;1683175.98 
2025001;0317;66002222;17085;CZ0206;5321;184027.91 
2025001;0317;66002222;17085;CZ0209;5321;299082.49 
2025001;0317;66002222;17085;CZ020A;5321;959002.91 
2025001;0317;66002222;17085;CZ031;5323;361604.61 
2025001;0317;66002222;17085;CZ0313;5321;52336.45 
2025001;0317;66002222;17085;CZ0315;5321;78504.67 
2025001;0317;66002222;17085;CZ0316;5321;44485.98 
2025001;0317;66002222;17085;CZ0321;5321;283248.18 
2025001;0317;66002222;17085;CZ0323;5321;1702312.27 
2025001;0317;66002222;17085;CZ0325;5321;447809.89 
2025001;0317;66002222;17085;CZ0423;5321;118833.20 
2025001;0317;66002222;17085;CZ0424;5321;1772682.15 
2025001;0317;66002222;17085;CZ051;5323;443145.13 
2025001;0317;66002222;17085;CZ0512;5321;7650800.52 
2025001;0317;66002222;17085;CZ0513;5321;527844.19 
2025001;0317;66002222;17085;CZ0522;5321;352260.53 
2025001;0317;66002222;17085;CZ0523;5321;70788.31 
2025001;0317;66002222;17085;CZ0525;5321;55693.75 
2025001;0317;66002222;17085;CZ0531;5321;357021.03 
2025001;0317;66002222;17085;CZ0532;5321;730988.05 
2025001;0317;66002222;17085;CZ0533;5321;2623117.45 
2025001;0317;66002222;17085;CZ0534;5321;239648.90 
2025001;0317;66002222;17085;CZ063;5323;62650.00 
2025001;0317;66002222;17085;CZ0631;5321;157009.34 
2025001;0317;66002222;17085;CZ0632;5321;1230372.34 
2025001;0317;66002222;17085;CZ0634;5321;421250.63 
2025001;0317;66002222;17085;CZ0635;5321;2003752.51 
2025001;0317;66002222;17085;CZ064;5323;187892.94 
2025001;0317;66002222;17085;CZ0641;5321;1956560.57 
2025001;0317;66002222;17085;CZ0643;5321;5142872.87 
2025001;0317;66002222;17085;CZ0645;5321;1261272.62 
2025001;0317;66002222;17085;CZ0646;5321;60600.11 
2025001;0317;66002222;17085;CZ071;5323;1069000.03 
2025001;0317;66002222;17085;CZ0712;5321;1130236.51 
2025001;0317;66002222;17085;CZ0712;5329;116434.13 
2025001;0317;66002222;17085;CZ0714;5321;1122997.11 
2025001;0317;66002222;17085;CZ0715;5321;766027.79 
2025001;0317;66002222;17085;CZ072;5323;2201807.57 
2025001;0317;66002222;17085;CZ0723;5321;314580.52 
2025001;0317;66002222;17085;CZ0724;5321;693178.82 
2025001;0317;66002222;17085;CZ0801;5321;404946.15 
2025001;0317;66002222;17085;CZ0802;5321;3248651.84 
2025001;0317;66002222;17085;CZ0803;5321;401750.25 
2025001;0317;66002222;17085;CZ0804;5321;391968.61 
2025001;0317;66002222;17085;CZ0805;5321;12043865.07 
2025001;0317;66002222;17085;CZ0806;5321;11397048.97 
2025001;0317;66002222;17518;CZ0201;6341;310271.28 
2025001;0317;66002222;17518;CZ0205;6341;2428918.20 
2025001;0317;66002222;17518;CZ0206;6341;439226.01 
2025001;0317;66002222;17518;CZ0209;6341;915558.65 
2025001;0317;66002222;17518;CZ020A;6341;326111.45 
2025001;0317;66002222;17518;CZ031;6342;633130.15 
2025001;0317;66002222;17518;CZ0313;6341;140186.92 
2025001;0317;66002222;17518;CZ0315;6341;210280.37 
2025001;0317;66002222;17518;CZ0316;6341;119158.88 
2025001;0317;66002222;17518;CZ0321;6341;758700.49 
2025001;0317;66002222;17518;CZ0323;6341;441888.61 
2025001;0317;66002222;17518;CZ0325;6341;1827795.51 
2025001;0317;66002222;17518;CZ051;6342;372390.87 
2025001;0317;66002222;17518;CZ0512;6341;854767.17 
2025001;0317;66002222;17518;CZ0513;6341;443566.56 
2025001;0317;66002222;17518;CZ0522;6341;204780.70 
2025001;0317;66002222;17518;CZ0531;6341;217554.83 
2025001;0317;66002222;17518;CZ0532;6341;417669.02 
2025001;0317;66002222;17518;CZ063;6342;2160559.55 
2025001;0317;66002222;17518;CZ0631;6341;420560.75 
2025001;0317;66002222;17518;CZ0632;6341;3749300.26 
2025001;0317;66002222;17518;CZ0634;6341;1289542.78 
2025001;0317;66002222;17518;CZ0635;6341;147936.50 
2025001;0317;66002222;17518;CZ064;6342;766909.97 
2025001;0317;66002222;17518;CZ0641;6341;305675.30 
2025001;0317;66002222;17518;CZ0643;6341;5674084.52 
2025001;0317;66002222;17518;CZ0645;6341;958167.51 
2025001;0317;66002222;17518;CZ0646;6341;162321.73 
2025001;0317;66002222;17518;CZ071;6342;229561.55 
2025001;0317;66002222;17518;CZ0712;6341;437215.94 
2025001;0317;66002222;17518;CZ0802;6341;851762.08 
2025001;0317;66002222;17518;CZ0805;6341;2331966.95 
2025001;0317;66002222;17518;CZ0806;6341;481050.66 
2025001;0317;66002222;17519;CZ0201;6341;1447932.64 
2025001;0317;66002222;17519;CZ0205;6341;11521867.47 
2025001;0317;66002222;17519;CZ0206;6341;2049721.37 
2025001;0317;66002222;17519;CZ0209;6341;4272607.03 
2025001;0317;66002222;17519;CZ020A;6341;1404560.92 
2025001;0317;66002222;17519;CZ031;6342;2215955.51 
2025001;0317;66002222;17519;CZ0313;6341;747663.55 
2025001;0317;66002222;17519;CZ0315;6341;1121495.33 
2025001;0317;66002222;17519;CZ0316;6341;635514.02 
2025001;0317;66002222;17519;CZ0321;6341;4046402.62 
2025001;0317;66002222;17519;CZ0323;6341;2062146.83 
2025001;0317;66002222;17519;CZ0325;6341;6397284.28 
2025001;0317;66002222;17519;CZ0423;6341;1697617.17 
2025001;0317;66002222;17519;CZ0424;6341;2739817.84 
2025001;0317;66002222;17519;CZ051;6342;6330644.73 
2025001;0317;66002222;17519;CZ0512;6341;14531041.92 
2025001;0317;66002222;17519;CZ0513;6341;7540631.45 
2025001;0317;66002222;17519;CZ0522;6341;5032293.43 
2025001;0317;66002222;17519;CZ0523;6341;1011261.68 
2025001;0317;66002222;17519;CZ0525;6341;795625.00 
2025001;0317;66002222;17519;CZ0531;6341;5100300.48 
2025001;0317;66002222;17519;CZ0532;6341;10442686.53 
2025001;0317;66002222;17519;CZ0533;6341;7085247.25 
2025001;0317;66002222;17519;CZ0534;6341;3423555.74 
2025001;0317;66002222;17519;CZ063;6342;10082611.25 
2025001;0317;66002222;17519;CZ0631;6341;2242990.66 
2025001;0317;66002222;17519;CZ0632;6341;13577471.34 
2025001;0317;66002222;17519;CZ0634;6341;6017866.30 
2025001;0317;66002222;17519;CZ0635;6341;788994.64 
2025001;0317;66002222;17519;CZ064;6342;2684184.90 
2025001;0317;66002222;17519;CZ0641;6341;1630268.26 
2025001;0317;66002222;17519;CZ0643;6341;25590750.42 
2025001;0317;66002222;17519;CZ0645;6341;5110226.72 
2025001;0317;66002222;17519;CZ0646;6341;865715.89 
2025001;0317;66002222;17519;CZ071;6342;3902546.34 
2025001;0317;66002222;17519;CZ0712;6341;10826128.70 
2025001;0317;66002222;17519;CZ0712;6349;1663344.67 
2025001;0317;66002222;17519;CZ0714;6341;273124.98 
2025001;0317;66002222;17519;CZ0715;6341;2211338.38 
2025001;0317;66002222;17519;CZ072;6342;31454393.96 
2025001;0317;66002222;17519;CZ0723;6341;4494007.60 
2025001;0317;66002222;17519;CZ0724;6341;9902554.74 
2025001;0317;66002222;17519;CZ0802;6341;26345704.35 
2025001;0317;66002222;17519;CZ0804;6341;5599551.57 
2025001;0317;66002222;17519;CZ0805;6341;58019081.63 
2025001;0317;66002222;17519;CZ0806;6341;8177861.24 
2025001;0333;00022985;33053;CZ0209;5329;0.00 
2025001;0333;00022985;33053;CZ020A;5329;0.00 
2025001;0333;00022985;33090;CZ0802;5321;0.00 
2025001;0333;00022985;33091;CZ020;5323;10200000.00 
2025001;0333;00022985;33091;CZ042;5323;0.00 
2025001;0333;00022985;33091;CZ063;5323;0.00 
2025001;0333;00022985;33091;CZ071;5323;5950000.00 
2025001;0333;00022985;33092;CZ0100;5321;7286329.17 
2025001;0333;00022985;33092;CZ020;5323;0.00 
2025001;0333;00022985;33092;CZ0201;5321;0.00 
2025001;0333;00022985;33092;CZ0202;5321;0.00 
2025001;0333;00022985;33092;CZ0203;5321;0.00 
2025001;0333;00022985;33092;CZ0204;5321;0.00 
2025001;0333;00022985;33092;CZ0205;5321;0.00 
2025001;0333;00022985;33092;CZ0206;5321;0.00 
2025001;0333;00022985;33092;CZ0207;5321;0.00 
2025001;0333;00022985;33092;CZ0208;5321;0.00 
2025001;0333;00022985;33092;CZ0209;5321;0.00 
2025001;0333;00022985;33092;CZ020A;5321;0.00 
2025001;0333;00022985;33092;CZ020B;5321;0.00 
2025001;0333;00022985;33092;CZ020C;5321;0.00 
2025001;0333;00022985;33092;CZ031;5323;0.00 
2025001;0333;00022985;33092;CZ0311;5321;0.00 
2025001;0333;00022985;33092;CZ0312;5321;0.00 
2025001;0333;00022985;33092;CZ0313;5321;0.00 
2025001;0333;00022985;33092;CZ0314;5321;0.00 
2025001;0333;00022985;33092;CZ0315;5321;0.00 
2025001;0333;00022985;33092;CZ0316;5321;0.00 
2025001;0333;00022985;33092;CZ0317;5321;0.00 
2025001;0333;00022985;33092;CZ032;5323;0.00 
2025001;0333;00022985;33092;CZ0321;5321;0.00 
2025001;0333;00022985;33092;CZ0322;5321;0.00 
2025001;0333;00022985;33092;CZ0323;5321;0.00 
2025001;0333;00022985;33092;CZ0324;5321;0.00 
2025001;0333;00022985;33092;CZ0325;5321;0.00 
2025001;0333;00022985;33092;CZ0326;5321;0.00 
2025001;0333;00022985;33092;CZ0327;5321;0.00 
2025001;0333;00022985;33092;CZ041;5323;0.00 
2025001;0333;00022985;33092;CZ0411;5321;0.00 
2025001;0333;00022985;33092;CZ0412;5321;0.00 
2025001;0333;00022985;33092;CZ0413;5321;0.00 
2025001;0333;00022985;33092;CZ042;5323;0.00 
2025001;0333;00022985;33092;CZ0421;5321;0.00 
2025001;0333;00022985;33092;CZ0422;5321;0.00 
2025001;0333;00022985;33092;CZ0423;5321;0.00 
2025001;0333;00022985;33092;CZ0424;5321;0.00 
2025001;0333;00022985;33092;CZ0425;5321;0.00 
2025001;0333;00022985;33092;CZ0426;5321;0.00 
2025001;0333;00022985;33092;CZ0427;5321;0.00 
2025001;0333;00022985;33092;CZ0511;5321;0.00 
2025001;0333;00022985;33092;CZ0512;5321;0.00 
2025001;0333;00022985;33092;CZ0513;5321;0.00 
2025001;0333;00022985;33092;CZ0514;5321;0.00 
2025001;0333;00022985;33092;CZ052;5323;0.00 
2025001;0333;00022985;33092;CZ0521;5321;0.00 
2025001;0333;00022985;33092;CZ0522;5321;0.00 
2025001;0333;00022985;33092;CZ0523;5321;0.00 
2025001;0333;00022985;33092;CZ0524;5321;0.00 
2025001;0333;00022985;33092;CZ0525;5321;0.00 
2025001;0333;00022985;33092;CZ0525;5329;2460500.00 
2025001;0333;00022985;33092;CZ053;5323;0.00 
2025001;0333;00022985;33092;CZ0531;5321;0.00 
2025001;0333;00022985;33092;CZ0532;5321;0.00 
2025001;0333;00022985;33092;CZ0533;5321;0.00 
2025001;0333;00022985;33092;CZ0534;5321;0.00 
2025001;0333;00022985;33092;CZ063;5323;0.00 
2025001;0333;00022985;33092;CZ0631;5321;0.00 
2025001;0333;00022985;33092;CZ0632;5321;0.00 
2025001;0333;00022985;33092;CZ0633;5321;0.00 
2025001;0333;00022985;33092;CZ0634;5321;0.00 
2025001;0333;00022985;33092;CZ0635;5321;0.00 
2025001;0333;00022985;33092;CZ064;5323;0.00 
2025001;0333;00022985;33092;CZ0641;5321;0.00 
2025001;0333;00022985;33092;CZ0642;5321;0.00 
2025001;0333;00022985;33092;CZ0643;5321;0.00 
2025001;0333;00022985;33092;CZ0643;5329;0.00 
2025001;0333;00022985;33092;CZ0644;5321;0.00 
2025001;0333;00022985;33092;CZ0645;5321;0.00 
2025001;0333;00022985;33092;CZ0646;5321;0.00 
2025001;0333;00022985;33092;CZ0647;5321;1615000.00 
2025001;0333;00022985;33092;CZ071;5323;0.00 
2025001;0333;00022985;33092;CZ0711;5321;0.00 
2025001;0333;00022985;33092;CZ0712;5321;0.00 
2025001;0333;00022985;33092;CZ0713;5321;0.00 
2025001;0333;00022985;33092;CZ0714;5321;0.00 
2025001;0333;00022985;33092;CZ0715;5321;0.00 
2025001;0333;00022985;33092;CZ0715;5329;0.00 
2025001;0333;00022985;33092;CZ072;5323;0.00 
2025001;0333;00022985;33092;CZ0721;5321;0.00 
2025001;0333;00022985;33092;CZ0722;5321;0.00 
2025001;0333;00022985;33092;CZ0723;5321;0.00 
2025001;0333;00022985;33092;CZ0723;5329;0.00 
2025001;0333;00022985;33092;CZ0724;5321;0.00 
2025001;0333;00022985;33092;CZ080;5323;0.00 
2025001;0333;00022985;33092;CZ0801;5321;0.00 
2025001;0333;00022985;33092;CZ0802;5321;0.00 
2025001;0333;00022985;33092;CZ0803;5321;0.00 
2025001;0333;00022985;33092;CZ0804;5321;0.00 
2025001;0333;00022985;33092;CZ0805;5321;0.00 
2025001;0333;00022985;33092;CZ0806;5321;4885736.34 
2025001;0333;00022985;33093;CZ0203;5321;125320.00 
2025001;0333;00022985;33093;CZ0315;5321;0.00 
2025001;0333;00022985;33093;CZ0327;5321;0.00 
2025001;0333;00022985;33093;CZ0411;5321;0.00 
2025001;0333;00022985;33093;CZ0413;5321;0.00 
2025001;0333;00022985;33093;CZ042;5323;0.00 
2025001;0333;00022985;33093;CZ0421;5321;0.00 
2025001;0333;00022985;33093;CZ0422;5321;0.00 
2025001;0333;00022985;33093;CZ0425;5321;0.00 
2025001;0333;00022985;33093;CZ0426;5321;0.00 
2025001;0333;00022985;33093;CZ0511;5321;0.00 
2025001;0333;00022985;33093;CZ0512;5321;0.00 
2025001;0333;00022985;33093;CZ0513;5321;0.00 
2025001;0333;00022985;33093;CZ0523;5321;0.00 
2025001;0333;00022985;33093;CZ0533;5321;0.00 
2025001;0333;00022985;33093;CZ0632;5321;0.00 
2025001;0333;00022985;33093;CZ064;5323;0.00 
2025001;0333;00022985;33093;CZ080;5323;0.00 
2025001;0333;00022985;33093;CZ0803;5321;0.00 
2025001;0333;00022985;33093;CZ0806;5321;0.00 
2025001;0333;00022985;33155;CZ0100;5321;1045170186.00 
2025001;0333;00022985;33155;CZ020;5323;516042940.00 
2025001;0333;00022985;33155;CZ031;5323;140059293.00 
2025001;0333;00022985;33155;CZ032;5323;117500000.00 
2025001;0333;00022985;33155;CZ041;5323;63365495.00 
2025001;0333;00022985;33155;CZ042;5323;225809336.00 
2025001;0333;00022985;33155;CZ051;5323;94783291.00 
2025001;0333;00022985;33155;CZ052;5323;172064790.00 
2025001;0333;00022985;33155;CZ053;5323;142352372.00 
2025001;0333;00022985;33155;CZ063;5323;115023768.00 
2025001;0333;00022985;33155;CZ064;5323;323349000.00 
2025001;0333;00022985;33155;CZ071;5323;202700000.00 
2025001;0333;00022985;33155;CZ072;5323;167686628.00 
2025001;0333;00022985;33155;CZ080;5323;414295628.00 
2025001;0333;00022985;33166;CZ0100;5321;2028743.00 
2025001;0333;00022985;33166;CZ020;5323;2017006.00 
2025001;0333;00022985;33166;CZ031;5323;933990.00 
2025001;0333;00022985;33166;CZ032;5323;833795.00 
2025001;0333;00022985;33166;CZ041;5323;381631.00 
2025001;0333;00022985;33166;CZ051;5323;637111.00 
2025001;0333;00022985;33166;CZ052;5323;795578.00 
2025001;0333;00022985;33166;CZ053;5323;761768.00 
2025001;0333;00022985;33166;CZ064;5323;1704300.00 
2025001;0333;00022985;33353;CZ0100;5321;3785504334.00 
2025001;0333;00022985;33353;CZ020;5323;4372518573.00 
2025001;0333;00022985;33353;CZ031;5323;2111864422.00 
2025001;0333;00022985;33353;CZ032;5323;1854508510.00 
2025001;0333;00022985;33353;CZ041;5323;886362330.00 
2025001;0333;00022985;33353;CZ042;5323;2534544726.00 
2025001;0333;00022985;33353;CZ051;5323;1420620113.00 
2025001;0333;00022985;33353;CZ052;5323;1819654386.00 
2025001;0333;00022985;33353;CZ053;5323;1768177060.00 
2025001;0333;00022985;33353;CZ063;5323;1637836860.00 
2025001;0333;00022985;33353;CZ064;5323;3808992653.00 
2025001;0333;00022985;33353;CZ071;5323;2107417094.00 
2025001;0333;00022985;33353;CZ072;5323;1840213756.00 
2025001;0333;00022985;33353;CZ080;5323;3549222079.00 
2025001;0333;00022985;33504;CZ0806;6341;0.00 
2025001;0333;00022985;33966;CZ0209;6349;0.00 
2025001;0333;00022985;33966;CZ020A;6349;0.00 
2025001;0335;00024341;35018;CZ0100;5321;3000000.00 
2025001;0335;00024341;35018;CZ020;5323;2000000.00 
2025001;0335;00024341;35018;CZ031;5323;2200000.00 
2025001;0335;00024341;35018;CZ032;5323;2000000.00 
2025001;0335;00024341;35018;CZ042;5323;2000000.00 
2025001;0335;00024341;35018;CZ051;5323;1577548.00 
2025001;0335;00024341;35018;CZ052;5323;1900000.00 
2025001;0335;00024341;35018;CZ064;5323;4290000.00 
2025001;0335;00024341;35018;CZ071;5323;2201500.00 
2025001;0398;00006947;98035;CZ0412;5321;1500000.00 
2025001;0398;00006947;98045;CZ0100;5321;112100.00 
2025001;0398;00006947;98045;CZ020;5323;1017100.00 
2025001;0398;00006947;98045;CZ031;5323;733600.00 
2025001;0398;00006947;98045;CZ032;5323;616700.00 
2025001;0398;00006947;98045;CZ041;5323;828450.00 
2025001;0398;00006947;98045;CZ051;5323;223150.00 
2025001;0398;00006947;98045;CZ052;5323;298250.00 
2025001;0398;00006947;98045;CZ053;5323;448100.00 
2025001;0398;00006947;98045;CZ063;5323;386450.00 
2025001;0398;00006947;98045;CZ064;5323;1027800.00 
2025001;0398;00006947;98045;CZ071;5323;555800.00 
2025001;0398;00006947;98045;CZ072;5323;249550.00 
2025001;0398;00006947;98045;CZ080;5323;714800.00 
2025001;0398;00006947;98071;CZ064;5323;30000.00 
2025001;0398;00006947;98071;CZ0642;5321;6096000.00 
