"""Fiskální rok/období"""FISCPER:0FISCPER;"""Kapitola"""FM_AREA:0FM_AREA;"""Prur. a spec. ukazat"""/BIC/ZC_PSUK:ZC_PSUK;"""Schválený rozpočet 0"""KYF_0001:ZU_ROZSCH;"""Rozpočet po změnách 0"""KYF_0002:ZU_ROZPZM;"""Konečný rozpočet 0"""KYF_0003:ZU_KROZP;"""Skutečnost 0"""KYF_0004:ZU_ROZKZ;"""Mimorozpočtové prostředky"""KYF_0005:ZU_ROZKZ;"""Čerpání nároků z nespotřebovaných výdajů"""KYF_0006:ZU_ROZKZ
2025001;0301;PU10010000;124634668.00 ;124634668.00 ;124634668.00 ;0.00 ;0.00 ;0.00 
2025001;0301;PU10020000;42532118.00 ;42532118.00 ;42532118.00 ;0.00 ;0.00 ;0.00 
2025001;0301;PU10030000;1173640.00 ;1173640.00 ;1173640.00 ;0.00 ;0.00 ;0.00 
2025001;0301;PU10060000;117364047.00 ;117364047.00 ;117364047.00 ;0.00 ;0.00 ;0.00 
0000000;0301;PU10080000;0.00 ;0.00 ;0.00 ;0.00 ;0.00 ;0.00 
0000000;0301;PU10080100;0.00 ;0.00 ;0.00 ;0.00 ;0.00 ;0.00 
0000000;0301;PU10080101;0.00 ;0.00 ;0.00 ;0.00 ;0.00 ;0.00 
0000000;0301;PU10080102;0.00 ;0.00 ;0.00 ;0.00 ;0.00 ;0.00 
0000000;0301;PU10080200;0.00 ;0.00 ;0.00 ;0.00 ;0.00 ;0.00 
0000000;0301;PU10090000;0.00 ;0.00 ;0.00 ;0.00 ;0.00 ;0.00 
0000000;0301;PU10180000;0.00 ;0.00 ;0.00 ;0.00 ;0.00 ;0.00 
2025001;0301;PU10200000;0.00 ;0.00 ;0.00 ;0.00 ;0.00 ;0.00 
0000000;0301;PU10200100;0.00 ;0.00 ;0.00 ;0.00 ;0.00 ;0.00 
2025001;0301;PU10200200;0.00 ;0.00 ;0.00 ;0.00 ;0.00 ;0.00 
0000000;0301;PU10220000;0.00 ;0.00 ;0.00 ;0.00 ;0.00 ;0.00 
0000000;0301;PU10220100;0.00 ;0.00 ;0.00 ;0.00 ;0.00 ;0.00 
0000000;0301;PU10220200;0.00 ;0.00 ;0.00 ;0.00 ;0.00 ;0.00 
2025001;0301;PU10230000;111840000.00 ;111840000.00 ;111840000.00 ;0.00 ;0.00 ;0.00 
0000000;0301;PU10240000;0.00 ;0.00 ;0.00 ;0.00 ;0.00 ;0.00 
2025001;0301;PU10250000;60000000.00 ;60000000.00 ;60000000.00 ;0.00 ;0.00 ;0.00 
0000000;0301;SU1010000000;0.00 ;0.00 ;0.00 ;0.00 ;0.00 ;0.00 
2025001;0301;SU1030000000;100000.00 ;100000.00 ;0.00 ;11844.00 ;0.00 ;0.00 
0000000;0301;SU1030010000;0.00 ;0.00 ;0.00 ;0.00 ;0.00 ;0.00 
0000000;0301;SU1030030000;0.00 ;0.00 ;0.00 ;0.00 ;0.00 ;0.00 
2025001;0301;SU1030040000;100000.00 ;100000.00 ;0.00 ;11844.00 ;0.00 ;0.00 
2025001;0301;SU5010000000;201393839.00 ;201393839.00 ;201393839.00 ;711353.47 ;0.00 ;0.00 
2025001;0301;SU5020000000;266645753.00 ;266645753.00 ;266645753.00 ;13983813.00 ;0.00 ;0.00 
2025001;0301;SU5030000000;35275000.00 ;35275000.00 ;35275000.00 ;1856250.00 ;0.00 ;0.00 
2025001;0302;PU10010000;608771243.00 ;608771243.00 ;608771243.00 ;20000.00 ;0.00 ;0.00 
2025001;0302;PU10020000;204414678.00 ;204414678.00 ;204414678.00 ;0.00 ;0.00 ;0.00 
2025001;0302;PU10030000;2431877.00 ;2431877.00 ;2431877.00 ;0.00 ;0.00 ;0.00 
2025001;0302;PU10060000;243187695.00 ;243187695.00 ;243187695.00 ;20000.00 ;0.00 ;0.00 
2025001;0302;PU10200000;0.00 ;0.00 ;0.00 ;0.00 ;0.00 ;0.00 
2025001;0302;PU10200100;0.00 ;0.00 ;0.00 ;0.00 ;0.00 ;0.00 
2025001;0302;PU10200200;0.00 ;0.00 ;0.00 ;0.00 ;0.00 ;0.00 
0000000;0302;PU10220000;0.00 ;0.00 ;0.00 ;0.00 ;0.00 ;0.00 
0000000;0302;PU10220100;0.00 ;0.00 ;0.00 ;0.00 ;0.00 ;0.00 
0000000;0302;PU10220200;0.00 ;0.00 ;0.00 ;0.00 ;0.00 ;0.00 
2025001;0302;PU10230000;93000000.00 ;93000000.00 ;93000000.00 ;38357.00 ;0.00 ;0.00 
0000000;0302;PU10240000;0.00 ;0.00 ;0.00 ;0.00 ;0.00 ;0.00 
0000000;0302;SU1010000000;0.00 ;0.00 ;0.00 ;0.00 ;0.00 ;0.00 
2025001;0302;SU1030000000;9000000.00 ;9000000.00 ;0.00 ;705668.94 ;0.00 ;0.00 
2025001;0302;SU1030010000;0.00 ;0.00 ;0.00 ;0.00 ;0.00 ;0.00 
0000000;0302;SU1030030000;0.00 ;0.00 ;0.00 ;0.00 ;0.00 ;0.00 
2025001;0302;SU1030040000;9000000.00 ;9000000.00 ;0.00 ;705668.94 ;0.00 ;0.00 
2025001;0302;SU5010000000;1716056800.00 ;1716056800.00 ;1716056800.00 ;38533107.93 ;0.00 ;0.00 
2025001;0303;PU10010000;285727130.00 ;285727130.00 ;285727130.00 ;0.00 ;0.00 ;0.00 
2025001;0303;PU10020000;96550926.00 ;96550926.00 ;96550926.00 ;0.00 ;0.00 ;0.00 
2025001;0303;PU10030000;1387127.00 ;1387127.00 ;1387127.00 ;0.00 ;0.00 ;0.00 
2025001;0303;PU10060000;136228061.00 ;136228061.00 ;136228061.00 ;0.00 ;0.00 ;0.00 
0000000;0303;PU10200000;0.00 ;0.00 ;0.00 ;0.00 ;0.00 ;0.00 
0000000;0303;PU10200100;0.00 ;0.00 ;0.00 ;0.00 ;0.00 ;0.00 
0000000;0303;PU10200200;0.00 ;0.00 ;0.00 ;0.00 ;0.00 ;0.00 
0000000;0303;PU10220000;0.00 ;0.00 ;0.00 ;0.00 ;0.00 ;0.00 
0000000;0303;PU10220100;0.00 ;0.00 ;0.00 ;0.00 ;0.00 ;0.00 
0000000;0303;PU10220200;0.00 ;0.00 ;0.00 ;0.00 ;0.00 ;0.00 
2025001;0303;PU10230000;24571000.00 ;24571000.00 ;24571000.00 ;0.00 ;0.00 ;0.00 
0000000;0303;PU10240000;0.00 ;0.00 ;0.00 ;0.00 ;0.00 ;0.00 
0000000;0303;SU1010000000;0.00 ;0.00 ;0.00 ;0.00 ;0.00 ;0.00 
2025001;0303;SU1030000000;3400000.00 ;3400000.00 ;0.00 ;312758.20 ;0.00 ;0.00 
0000000;0303;SU1030010000;0.00 ;0.00 ;0.00 ;0.00 ;0.00 ;0.00 
0000000;0303;SU1030030000;0.00 ;0.00 ;0.00 ;0.00 ;0.00 ;0.00 
2025001;0303;SU1030040000;3400000.00 ;3400000.00 ;0.00 ;312758.20 ;0.00 ;0.00 
2025001;0303;SU5010000000;719043218.00 ;719043218.00 ;719043218.00 ;16150420.51 ;0.00 ;0.00 
2025001;0304;PU10010000;504163458.00 ;504163458.00 ;504163458.00 ;0.00 ;0.00 ;0.00 
2025001;0304;PU10020000;170390469.00 ;170390469.00 ;170390469.00 ;0.00 ;0.00 ;0.00 
2025001;0304;PU10030000;4120175.00 ;4120175.00 ;4120175.00 ;0.00 ;0.00 ;0.00 
2025001;0304;PU10060000;198672253.00 ;198672253.00 ;198672253.00 ;0.00 ;0.00 ;0.00 
2025001;0304;PU10080000;69964282.00 ;69964282.00 ;69964282.00 ;3178.00 ;0.00 ;0.00 
2025001;0304;PU10080100;69964282.00 ;69964282.00 ;69964282.00 ;3178.00 ;0.00 ;0.00 
2025001;0304;PU10080101;69964282.00 ;69964282.00 ;69964282.00 ;3178.00 ;0.00 ;0.00 
0000000;0304;PU10080102;0.00 ;0.00 ;0.00 ;0.00 ;0.00 ;0.00 
0000000;0304;PU10080200;0.00 ;0.00 ;0.00 ;0.00 ;0.00 ;0.00 
0000000;0304;PU10120000;0.00 ;0.00 ;0.00 ;0.00 ;0.00 ;0.00 
2025001;0304;PU10160000;326909335.00 ;326909335.00 ;326909335.00 ;0.00 ;0.00 ;0.00 
2025001;0304;PU10170000;30605000.00 ;30605000.00 ;30605000.00 ;30000.00 ;0.00 ;0.00 
0000000;0304;PU10180000;0.00 ;0.00 ;0.00 ;0.00 ;0.00 ;0.00 
2025001;0304;PU10200000;155012912.00 ;155012912.00 ;155012912.00 ;79475.92 ;0.00 ;0.00 
2025001;0304;PU10200100;38159012.00 ;38159012.00 ;38159012.00 ;21559.46 ;0.00 ;0.00 
2025001;0304;PU10200200;116853900.00 ;116853900.00 ;116853900.00 ;57916.46 ;0.00 ;0.00 
2025001;0304;PU10220000;0.00 ;0.00 ;0.00 ;0.00 ;0.00 ;0.00 
2025001;0304;PU10220100;0.00 ;0.00 ;0.00 ;0.00 ;0.00 ;0.00 
2025001;0304;PU10220200;0.00 ;0.00 ;0.00 ;0.00 ;0.00 ;0.00 
2025001;0304;PU10230000;117285467.00 ;117285467.00 ;117285467.00 ;0.00 ;0.00 ;0.00 
2025001;0304;PU10240000;213753157.00 ;213753157.00 ;213753157.00 ;0.00 ;0.00 ;0.00 
0000000;0304;PU10250000;0.00 ;0.00 ;0.00 ;0.00 ;0.00 ;0.00 
0000000;0304;SU1010000000;0.00 ;0.00 ;0.00 ;0.00 ;0.00 ;0.00 
2025001;0304;SU1030000000;118853900.00 ;118853900.00 ;0.00 ;349918.23 ;0.00 ;0.00 
2025001;0304;SU1030010000;116853900.00 ;116853900.00 ;0.00 ;0.00 ;0.00 ;0.00 
0000000;0304;SU1030030000;0.00 ;0.00 ;0.00 ;0.00 ;0.00 ;0.00 
2025001;0304;SU1030040000;2000000.00 ;2000000.00 ;0.00 ;349918.23 ;0.00 ;0.00 
2025001;0304;SU5010000000;1572628161.00 ;1572628161.00 ;1572628161.00 ;8821624.69 ;0.00 ;0.00 
2025001;0304;SU5010010000;1065000858.00 ;1065000858.00 ;1065000858.00 ;8571400.77 ;0.00 ;0.00 
2025001;0304;SU5010020000;507627303.00 ;507627303.00 ;507627303.00 ;250223.92 ;0.00 ;0.00 
2025001;0305;PU10230000;120000000.00 ;120000000.00 ;147960758.97 ;14575134.43 ;0.00 ;14575134.43 
2025001;0305;PU10250000;0.00 ;45500000.00 ;45500000.00 ;0.00 ;0.00 ;0.00 
0000000;0305;SU1010000000;0.00 ;0.00 ;0.00 ;0.00 ;0.00 ;0.00 
2025001;0305;SU1030000000;290000000.00 ;290000000.00 ;0.00 ;26566551.81 ;0.00 ;0.00 
2025001;0305;SU1030040000;290000000.00 ;290000000.00 ;0.00 ;26566551.81 ;0.00 ;0.00 
2025001;0305;SU5010000000;2368429858.00 ;2413929858.00 ;2448146598.33 ;54587741.95 ;0.00 ;15846743.21 
2025001;0306;PU10010000;1171214258.00 ;1171214258.00 ;1196722326.00 ;5302237.00 ;0.00 ;0.00 
2025001;0306;PU10020000;397620652.00 ;397620652.00 ;410450285.00 ;1585913.00 ;0.00 ;0.00 
2025001;0306;PU10030000;11737313.00 ;11737313.00 ;12288223.47 ;0.00 ;0.00 ;0.00 
2025001;0306;PU10060000;91991550.00 ;91991550.00 ;95892996.00 ;636251.00 ;0.00 ;0.00 
2025001;0306;PU10080000;31169160.00 ;31169160.00 ;31169160.00 ;0.00 ;0.00 ;0.00 
2025001;0306;PU10080100;31169160.00 ;31169160.00 ;31169160.00 ;0.00 ;0.00 ;0.00 
2025001;0306;PU10080101;31169160.00 ;31169160.00 ;31169160.00 ;0.00 ;0.00 ;0.00 
0000000;0306;PU10080102;0.00 ;0.00 ;0.00 ;0.00 ;0.00 ;0.00 
0000000;0306;PU10080200;0.00 ;0.00 ;0.00 ;0.00 ;0.00 ;0.00 
0000000;0306;PU10090000;0.00 ;0.00 ;0.00 ;0.00 ;0.00 ;0.00 
2025001;0306;PU10110000;31169160.00 ;31169160.00 ;31169160.00 ;0.00 ;0.00 ;0.00 
2025001;0306;PU10140000;641820400.00 ;641820400.00 ;641820435.20 ;6624557.42 ;0.00 ;0.00 
2025001;0306;PU10180000;7900000.00 ;7900000.00 ;7900000.00 ;215462.01 ;0.00 ;0.00 
2025001;0306;PU10200000;338614686.00 ;338614686.00 ;572937139.77 ;3498148.20 ;0.00 ;0.00 
2025001;0306;PU10200100;73525368.00 ;73525368.00 ;114467252.23 ;5435.64 ;0.00 ;0.00 
2025001;0306;PU10200200;265089318.00 ;265089318.00 ;458469887.54 ;3492712.56 ;0.00 ;0.00 
2025001;0306;PU10230000;967864318.00 ;967864318.00 ;1423870505.16 ;100000000.00 ;0.00 ;0.00 
2025001;0306;PU10240000;1070785350.00 ;1070785350.00 ;1091521725.00 ;4575876.00 ;0.00 ;0.00 
2025001;0306;PU10250000;351473574.00 ;351473574.00 ;367998709.59 ;45330244.69 ;0.00 ;0.00 
2025001;0306;SU1010000000;910000000.00 ;910000000.00 ;0.00 ;47273509.04 ;0.00 ;0.00 
2025001;0306;SU1030000000;320089318.00 ;320089318.00 ;0.00 ;11528254.96 ;1613159.49 ;0.00 
2025001;0306;SU1030010000;265089318.00 ;265089318.00 ;0.00 ;0.00 ;0.00 ;0.00 
2025001;0306;SU1030040000;55000000.00 ;55000000.00 ;0.00 ;11528254.96 ;1613159.49 ;0.00 
2025001;0306;SU5010000000;9902703080.00 ;9902718080.00 ;10860741278.18 ;784224537.02 ;1613159.49 ;174006252.96 
2025001;0306;SU5010010000;100000000.00 ;100000000.00 ;100000000.00 ;47889.80 ;0.00 ;0.00 
2025001;0306;SU5010020000;165000000.00 ;165000000.00 ;167006618.43 ;278800.00 ;0.00 ;0.00 
2025001;0306;SU5010030000;1647398523.00 ;1647398523.00 ;1658132186.64 ;221228390.24 ;0.00 ;0.00 
2025001;0306;SU5010040000;42000000.00 ;42000000.00 ;42015737.81 ;0.00 ;0.00 ;0.00 
2025001;0306;SU5010050000;35000000.00 ;35000000.00 ;35000000.00 ;0.00 ;0.00 ;0.00 
2025001;0306;SU5010060000;35100000.00 ;35100000.00 ;35100000.00 ;6945814.18 ;0.00 ;0.00 
2025001;0306;SU5010070000;58883000.00 ;58883000.00 ;60132715.38 ;4788606.61 ;0.00 ;0.00 
2025001;0306;SU5010080000;2950000.00 ;2950000.00 ;12876295.25 ;423917.37 ;0.00 ;332846.37 
2025001;0306;SU5010100000;7167871557.00 ;7167886557.00 ;8055623848.19 ;549390684.39 ;1613159.49 ;173556296.07 
2025001;0306;SU5010130000;48500000.00 ;48500000.00 ;48500000.00 ;0.00 ;0.00 ;0.00 
2025001;0306;SU5010140000;100000000.00 ;100000000.00 ;108617407.55 ;162717.21 ;0.00 ;0.00 
2025001;0306;SU5010150000;500000000.00 ;500000000.00 ;537736468.93 ;957717.22 ;0.00 ;117110.52 
2025001;0307;PU10010000;23518816507.00 ;23518816507.00 ;23535819202.00 ;81232.00 ;0.00 ;0.00 
2025001;0307;PU10020000;8485461275.00 ;8485461275.00 ;8487791001.00 ;4138.00 ;0.00 ;0.00 
2025001;0307;PU10030000;220526291.00 ;220526291.00 ;220526291.00 ;120523806.00 ;0.00 ;0.00 
2025001;0307;PU10040000;17497348371.00 ;17497348371.00 ;17497348371.00 ;11158.00 ;0.00 ;0.00 
2025001;0307;PU10060000;3708112508.00 ;3752647938.00 ;3752687748.00 ;1074.00 ;0.00 ;0.00 
2025001;0307;PU10080000;454322882.00 ;454322882.00 ;454363882.00 ;1604062.68 ;5103.75 ;0.00 
2025001;0307;PU10080100;443268203.00 ;443268203.00 ;443268203.00 ;1598958.93 ;0.00 ;0.00 
2025001;0307;PU10080101;110028203.00 ;110028203.00 ;110028203.00 ;1598958.93 ;0.00 ;0.00 
2025001;0307;PU10080102;333240000.00 ;333240000.00 ;333240000.00 ;0.00 ;0.00 ;0.00 
2025001;0307;PU10080200;11054679.00 ;11054679.00 ;11095679.00 ;5103.75 ;5103.75 ;0.00 
2025001;0307;PU10090000;333240000.00 ;333240000.00 ;333240000.00 ;0.00 ;0.00 ;0.00 
2025001;0307;PU10100000;0.00 ;0.00 ;0.00 ;0.00 ;0.00 ;0.00 
2025001;0307;PU10110000;100119302.00 ;100119302.00 ;100119302.00 ;1598958.93 ;0.00 ;0.00 
2025001;0307;PU10120000;8534000.00 ;8534000.00 ;8534000.00 ;0.00 ;0.00 ;0.00 
0000000;0307;PU10140000;0.00 ;0.00 ;0.00 ;0.00 ;0.00 ;0.00 
2025001;0307;PU10150000;7000000.00 ;7000000.00 ;7000000.00 ;0.00 ;0.00 ;0.00 
2025001;0307;PU10160000;1000000.00 ;1000000.00 ;1000000.00 ;0.00 ;0.00 ;0.00 
2025001;0307;PU10180000;800000.00 ;800000.00 ;800000.00 ;0.00 ;0.00 ;0.00 
2025001;0307;PU10200000;123549843.00 ;123549843.00 ;131524028.35 ;3485333.69 ;0.00 ;0.00 
2025001;0307;PU10200100;0.00 ;0.00 ;320585.00 ;0.00 ;0.00 ;0.00 
2025001;0307;PU10200200;123549843.00 ;123549843.00 ;131203443.35 ;3485333.69 ;0.00 ;0.00 
0000000;0307;PU10220000;0.00 ;0.00 ;0.00 ;0.00 ;0.00 ;0.00 
0000000;0307;PU10220100;0.00 ;0.00 ;0.00 ;0.00 ;0.00 ;0.00 
0000000;0307;PU10220200;0.00 ;0.00 ;0.00 ;0.00 ;0.00 ;0.00 
2025001;0307;PU10230000;66100748566.00 ;66100748566.00 ;66100748566.00 ;277481869.00 ;0.00 ;0.00 
2025001;0307;PU10240000;847168071.00 ;802632641.00 ;802632641.00 ;0.00 ;0.00 ;0.00 
2025001;0307;PU10250000;154395235248.00 ;154343123590.00 ;154466793214.29 ;4044482702.91 ;5103.75 ;0.00 
2025001;0307;SU1010000000;100000.00 ;100000.00 ;0.00 ;3487.20 ;0.00 ;0.00 
2025001;0307;SU1020000000;6579967438.00 ;6579967438.00 ;0.00 ;533932325.00 ;0.00 ;0.00 
2025001;0307;SU1020010000;5775520008.00 ;5775520008.00 ;0.00 ;468700149.00 ;0.00 ;0.00 
2025001;0307;SU1020020000;804447430.00 ;804447430.00 ;0.00 ;65232176.00 ;0.00 ;0.00 
2025001;0307;SU1030000000;1575358843.00 ;1575358843.00 ;0.00 ;74838130.83 ;7785513.41 ;0.00 
2025001;0307;SU1030010000;123549843.00 ;123549843.00 ;0.00 ;7430916.35 ;7430916.35 ;0.00 
0000000;0307;SU1030030000;0.00 ;0.00 ;0.00 ;0.00 ;0.00 ;0.00 
2025001;0307;SU1030040000;1451809000.00 ;1451809000.00 ;0.00 ;67407214.48 ;354597.06 ;0.00 
2025001;0307;SU5010000000;116051744693.00 ;116051744693.00 ;116158835716.94 ;1301850210.28 ;0.00 ;0.00 
2025001;0307;SU5020000000;19607778327.00 ;19555666669.00 ;19572245269.35 ;369428193.33 ;5103.75 ;0.00 
2025001;0307;SU5040000000;7288400000.00 ;7288400000.00 ;7288400000.00 ;1545572222.86 ;0.00 ;0.00 
2025001;0307;SU5050000000;1112910687.00 ;1112910687.00 ;1112910687.00 ;19181404.41 ;0.00 ;0.00 
2025001;0307;SU5060000000;5948387000.00 ;5948387000.00 ;5948387000.00 ;479503560.32 ;0.00 ;0.00 
2025001;0307;SU5070000000;3631436000.00 ;3631436000.00 ;3631436000.00 ;290669843.00 ;0.00 ;0.00 
2025001;0307;SU5080000000;754578541.00 ;754578541.00 ;754578541.00 ;38277268.71 ;0.00 ;0.00 
2025001;0308;PU10010000;177502955.00 ;177502955.00 ;182096120.00 ;0.00 ;0.00 ;0.00 
2025001;0308;PU10020000;59995999.00 ;59995999.00 ;62110658.54 ;0.00 ;0.00 ;0.00 
2025001;0308;PU10030000;1760825.00 ;1760825.00 ;1760825.00 ;0.00 ;0.00 ;0.00 
2025001;0308;PU10060000;176082517.00 ;176082517.00 ;178568903.00 ;0.00 ;0.00 ;0.00 
0000000;0308;PU10200000;0.00 ;0.00 ;0.00 ;0.00 ;0.00 ;0.00 
0000000;0308;PU10200100;0.00 ;0.00 ;0.00 ;0.00 ;0.00 ;0.00 
0000000;0308;PU10200200;0.00 ;0.00 ;0.00 ;0.00 ;0.00 ;0.00 
2025001;0308;PU10230000;100715325.00 ;100715325.00 ;126341785.10 ;573872.75 ;0.00 ;0.00 
0000000;0308;PU10240000;0.00 ;0.00 ;0.00 ;0.00 ;0.00 ;0.00 
2025001;0308;PU10250000;422121486.00 ;422121486.00 ;484695646.42 ;8114348.29 ;0.00 ;15348.00 
2025001;0308;SU1010000000;300000.00 ;300000.00 ;0.00 ;20000.00 ;0.00 ;0.00 
2025001;0308;SU1030000000;550000.00 ;550000.00 ;0.00 ;182749.00 ;0.00 ;0.00 
0000000;0308;SU1030010000;0.00 ;0.00 ;0.00 ;0.00 ;0.00 ;0.00 
2025001;0308;SU1030040000;550000.00 ;550000.00 ;0.00 ;182749.00 ;0.00 ;0.00 
2025001;0308;SU5010000000;422121486.00 ;422121486.00 ;484695646.42 ;8114348.29 ;0.00 ;15348.00 
2025001;0309;PU10010000;107206357.00 ;107206357.00 ;107206357.00 ;9651.97-;0.00 ;0.00 
2025001;0309;PU10020000;33711902.00 ;33711902.00 ;33711902.00 ;2739.00-;0.00 ;0.00 
2025001;0309;PU10030000;906098.00 ;906098.00 ;906098.00 ;0.00 ;0.00 ;0.00 
2025001;0309;PU10060000;95195777.00 ;95195777.00 ;95195777.00 ;9651.97-;0.00 ;0.00 
2025001;0309;PU10200000;0.00 ;0.00 ;0.00 ;0.00 ;0.00 ;0.00 
2025001;0309;PU10200100;0.00 ;0.00 ;0.00 ;0.00 ;0.00 ;0.00 
2025001;0309;PU10200200;0.00 ;0.00 ;0.00 ;0.00 ;0.00 ;0.00 
2025001;0309;PU10220000;1250000.00 ;1250000.00 ;1250000.00 ;0.00 ;0.00 ;0.00 
2025001;0309;PU10220100;0.00 ;0.00 ;0.00 ;0.00 ;0.00 ;0.00 
2025001;0309;PU10220200;1250000.00 ;1250000.00 ;1250000.00 ;0.00 ;0.00 ;0.00 
2025001;0309;PU10230000;5500000.00 ;5500000.00 ;5500000.00 ;0.00 ;0.00 ;0.00 
0000000;0309;PU10240000;0.00 ;0.00 ;0.00 ;0.00 ;0.00 ;0.00 
0000000;0309;SU1010000000;0.00 ;0.00 ;0.00 ;0.00 ;0.00 ;0.00 
2025001;0309;SU1030000000;1500000.00 ;1500000.00 ;0.00 ;113813.07 ;0.00 ;0.00 
0000000;0309;SU1030010000;0.00 ;0.00 ;0.00 ;0.00 ;0.00 ;0.00 
2025001;0309;SU1030030000;1250000.00 ;1250000.00 ;0.00 ;0.00 ;0.00 ;0.00 
2025001;0309;SU1030040000;250000.00 ;250000.00 ;0.00 ;113813.07 ;0.00 ;0.00 
2025001;0309;SU5010000000;173427562.00 ;173427562.00 ;173727562.00 ;1632196.89 ;0.00 ;0.00 
2025001;0312;PU10010000;13698338262.00 ;13698338262.00 ;13699309145.43 ;4896.00 ;0.00 ;0.00 
2025001;0312;PU10020000;4628517325.00 ;4628517325.00 ;4628845484.00 ;935141.00 ;0.00 ;0.00 
2025001;0312;PU10030000;137773913.00 ;137773913.00 ;137792136.83 ;5124001.00 ;0.00 ;8515.00 
2025001;0312;PU10040000;2726954818.00 ;2726954818.00 ;2726954818.00 ;0.00 ;0.00 ;0.00 
2025001;0312;PU10050000;131965200.00 ;131965200.00 ;131965200.00 ;0.00 ;0.00 ;0.00 
2025001;0312;PU10060000;1819654067.00 ;1819654067.00 ;1819839531.00 ;1400.00-;0.00 ;0.00 
2025001;0312;PU10140000;0.00 ;0.00 ;0.00 ;0.00 ;0.00 ;0.00 
2025001;0312;PU10180000;120000.00 ;120000.00 ;120000.00 ;0.00 ;0.00 ;0.00 
2025001;0312;PU10200000;451507063.00 ;451507063.00 ;469193013.00 ;0.00 ;0.00 ;0.00 
2025001;0312;PU10200100;163624361.00 ;163624361.00 ;163624361.00 ;0.00 ;0.00 ;0.00 
2025001;0312;PU10200200;287882702.00 ;287882702.00 ;305568652.00 ;0.00 ;0.00 ;0.00 
2025001;0312;PU10220000;18285075.00 ;18285075.00 ;18285075.00 ;0.00 ;0.00 ;0.00 
2025001;0312;PU10220100;1197512.00 ;1197512.00 ;1197512.00 ;0.00 ;0.00 ;0.00 
2025001;0312;PU10220200;17087563.00 ;17087563.00 ;17087563.00 ;0.00 ;0.00 ;0.00 
2025001;0312;PU10230000;1092676179.00 ;1092676179.00 ;1110362129.00 ;0.00 ;0.00 ;0.00 
2025001;0312;PU10240000;8962683255.00 ;8962683255.00 ;8963468674.43 ;0.00 ;0.00 ;0.00 
0000000;0312;PU10250000;0.00 ;0.00 ;0.00 ;0.00 ;0.00 ;0.00 
2025001;0312;SU1010000000;54400000.00 ;54400000.00 ;0.00 ;7191371.40 ;0.00 ;0.00 
2025001;0312;SU1020000000;871423267.00 ;871423267.00 ;0.00 ;59303254.00 ;0.00 ;0.00 
2025001;0312;SU1020010000;764885626.00 ;764885626.00 ;0.00 ;52053081.00 ;0.00 ;0.00 
2025001;0312;SU1020020000;106537641.00 ;106537641.00 ;0.00 ;7250173.00 ;0.00 ;0.00 
2025001;0312;SU1030000000;11007714415.00 ;11007714415.00 ;0.00 ;685186769.28 ;17685950.00 ;0.00 
2025001;0312;SU1030010000;287882702.00 ;287882702.00 ;0.00 ;17753777.97 ;17685950.00 ;0.00 
2025001;0312;SU1030030000;17087563.00 ;17087563.00 ;0.00 ;0.00 ;0.00 ;0.00 
2025001;0312;SU1030040000;10702744150.00 ;10702744150.00 ;0.00 ;667432991.31 ;0.00 ;0.00 
2025001;0312;SU5010000000;13380864230.00 ;13380864230.00 ;13380864230.00 ;134214417.84 ;0.00 ;0.00 
2025001;0312;SU5020000000;2677669269.00 ;2677669269.00 ;2681225532.00 ;86778093.41 ;0.00 ;8515.00 
2025001;0312;SU5030000000;6984542082.00 ;6984542082.00 ;7002228032.00 ;154904400.47 ;0.00 ;0.00 
2025001;0312;SU5030010000;1162583521.00 ;1162583521.00 ;1162583521.00 ;85725273.00 ;0.00 ;0.00 
2025001;0312;SU5030020000;5821958561.00 ;5821958561.00 ;5839644511.00 ;69179127.47 ;0.00 ;0.00 
2025001;0312;SU5040000000;1723012967.00 ;1723012967.00 ;1723012967.00 ;32706433.44 ;0.00 ;0.00 
2025001;0312;SU5050000000;69051098.00 ;69051098.00 ;69051098.00 ;142121.73 ;0.00 ;0.00 
2025001;0312;SU5060000000;100689095.00 ;100689095.00 ;102386531.26 ;1071732.39 ;0.00 ;338358.23 
2025001;0313;PU10010000;9749782756.00 ;9749782756.00 ;9750305924.00 ;1473566.00-;0.00 ;0.00 
2025001;0313;PU10020000;3695250869.00 ;3695250869.00 ;3695427701.00 ;34149546.03 ;0.00 ;0.00 
2025001;0313;PU10030000;96487129.00 ;96487129.00 ;96487129.00 ;11276.14 ;0.00 ;0.00 
2025001;0313;PU10060000;1000990476.00 ;1002052872.00 ;1002052872.00 ;19840.00 ;0.00 ;0.00 
2025001;0313;PU10080000;88919000.00 ;88919000.00 ;88919000.00 ;0.00 ;0.00 ;0.00 
2025001;0313;PU10080100;88919000.00 ;88919000.00 ;88919000.00 ;0.00 ;0.00 ;0.00 
2025001;0313;PU10080101;88919000.00 ;88919000.00 ;88919000.00 ;0.00 ;0.00 ;0.00 
0000000;0313;PU10080102;0.00 ;0.00 ;0.00 ;0.00 ;0.00 ;0.00 
0000000;0313;PU10080200;0.00 ;0.00 ;0.00 ;0.00 ;0.00 ;0.00 
0000000;0313;PU10090000;0.00 ;0.00 ;0.00 ;0.00 ;0.00 ;0.00 
2025001;0313;PU10110000;88569000.00 ;88569000.00 ;88569000.00 ;0.00 ;0.00 ;0.00 
2025001;0313;PU10140000;0.00 ;0.00 ;0.00 ;0.00 ;0.00 ;0.00 
0000000;0313;PU10160000;0.00 ;0.00 ;0.00 ;0.00 ;0.00 ;0.00 
2025001;0313;PU10180000;600000.00 ;600000.00 ;600000.00 ;0.00 ;0.00 ;0.00 
2025001;0313;PU10200000;18301313583.00 ;18301313583.00 ;18321995683.47 ;540392959.52 ;0.00 ;904576.69 
2025001;0313;PU10200100;1694416216.00 ;1694416216.00 ;1714398316.47 ;87196144.00 ;0.00 ;904576.69 
2025001;0313;PU10200200;16606897367.00 ;16606897367.00 ;16607597367.00 ;453196815.52 ;0.00 ;0.00 
2025001;0313;PU10220000;103971422.00 ;103971422.00 ;103971422.00 ;0.00 ;0.00 ;0.00 
2025001;0313;PU10220100;15600212.00 ;15600212.00 ;15600212.00 ;0.00 ;0.00 ;0.00 
2025001;0313;PU10220200;88371210.00 ;88371210.00 ;88371210.00 ;0.00 ;0.00 ;0.00 
2025001;0313;PU10230000;1356844920.00 ;1356844920.00 ;1356844920.00 ;20229.00 ;0.00 ;0.00 
2025001;0313;PU10240000;8647722005.00 ;8646659609.00 ;8646659609.00 ;234379.00 ;0.00 ;0.00 
2025001;0313;SU1010000000;1155000000.00 ;1155000000.00 ;0.00 ;204891333.46 ;0.00 ;0.00 
2025001;0313;SU1020000000;789068913659.00 ;789068913659.00 ;0.00 ;63415361779.05 ;0.00 ;0.00 
2025001;0313;SU1020010000;692599673431.00 ;692599673431.00 ;0.00 ;55964786061.21 ;0.00 ;0.00 
2025001;0313;SU1020020000;96469240228.00 ;96469240228.00 ;0.00 ;7450575717.84 ;0.00 ;0.00 
2025001;0313;SU1030000000;18329268577.00 ;18329268577.00 ;0.00 ;219639063.94 ;1940493.39 ;0.00 
2025001;0313;SU1030010000;16606897367.00 ;16606897367.00 ;0.00 ;700000.00 ;700000.00 ;0.00 
2025001;0313;SU1030030000;88371210.00 ;88371210.00 ;0.00 ;0.00 ;0.00 ;0.00 
2025001;0313;SU1030040000;1634000000.00 ;1634000000.00 ;0.00 ;218939063.94 ;1240493.39 ;0.00 
2025001;0313;SU5010000000;699772000000.00 ;699772000000.00 ;699772000000.00 ;60880967159.32 ;0.00 ;0.00 
2025001;0313;SU5020000000;61169396710.00 ;61169396710.00 ;61169396710.00 ;4957672813.22 ;0.00 ;0.00 
2025001;0313;SU5030000000;47000000000.00 ;47000000000.00 ;47000000000.00 ;4517935037.85 ;0.00 ;0.00 
2025001;0313;SU5040000000;14900000000.00 ;14900000000.00 ;14900000000.00 ;1304323289.89 ;0.00 ;0.00 
2025001;0313;SU5050000000;3970000000.00 ;3970000000.00 ;3970000000.00 ;335829445.67 ;0.00 ;0.00 
2025001;0313;SU5060000000;1000000.00 ;1000000.00 ;1000000.00 ;71381.40 ;0.00 ;0.00 
2025001;0313;SU5070000000;12000000000.00 ;12000000000.00 ;12000000000.00 ;1163318478.16 ;0.00 ;0.00 
2025001;0313;SU5080000000;45015482820.00 ;45015482820.00 ;45015482820.00 ;3804705461.24 ;0.00 ;0.00 
2025001;0313;SU5090000000;4514528877.00 ;4514528877.00 ;4524528877.00 ;248534132.26 ;0.00 ;2070003.00 
2025001;0313;SU5100000000;220000000.00 ;220000000.00 ;220000000.00 ;18545981.40 ;0.00 ;0.00 
2025001;0313;SU5110000000;390000000.00 ;390000000.00 ;390000000.00 ;29618787.10 ;0.00 ;0.00 
2025001;0313;SU5120000000;12400000000.00 ;12400000000.00 ;12400000000.00 ;38069580.00 ;0.00 ;0.00 
2025001;0313;SU5130000000;19698854994.00 ;19698854994.00 ;19699554994.00 ;236434956.92 ;0.00 ;0.00 
2025001;0313;SU5140000000;42266092196.00 ;42266092196.00 ;42266092196.00 ;1064271017.01 ;0.00 ;0.00 
2025001;0313;SU5150000000;5167094740.00 ;5167094740.00 ;5187076840.47 ;6428202.50 ;0.00 ;904576.69 
2025001;0313;SU5180000000;270000000.00 ;270000000.00 ;270000000.00 ;24404766.80 ;0.00 ;0.00 
0000000;0313;SU5190000000;0.00 ;0.00 ;0.00 ;0.00 ;0.00 ;0.00 
2025001;0314;PU10010000;44141148721.00 ;44141148721.00 ;44151725651.67 ;12112585.78 ;211262.67 ;0.00 
2025001;0314;PU10020000;14683752062.00 ;14683752062.00 ;14686433110.33 ;23986230.90 ;71409.01 ;0.00 
2025001;0314;PU10030000;436762671.00 ;436762671.00 ;436823235.09 ;6038989.49 ;11511.93 ;0.00 
2025001;0314;PU10040000;36055156671.00 ;36055156671.00 ;36055356335.71 ;7530394.68 ;199664.71 ;0.00 
2025001;0314;PU10060000;5663022761.00 ;5663022761.00 ;5663397348.96 ;1484142.28 ;11597.96 ;0.00 
2025001;0314;PU10080000;773345257.00 ;773345257.00 ;796146971.74 ;5530.46 ;0.00 ;0.00 
2025001;0314;PU10080100;773345257.00 ;773345257.00 ;794588373.74 ;5530.46 ;0.00 ;0.00 
2025001;0314;PU10080101;125145257.00 ;125145257.00 ;125145257.00 ;5530.46 ;0.00 ;0.00 
2025001;0314;PU10080102;648200000.00 ;648200000.00 ;669443116.74 ;0.00 ;0.00 ;0.00 
2025001;0314;PU10080200;0.00 ;0.00 ;1558598.00 ;0.00 ;0.00 ;0.00 
2025001;0314;PU10090000;648200000.00 ;648200000.00 ;669443116.74 ;0.00 ;0.00 ;0.00 
0000000;0314;PU10100000;0.00 ;0.00 ;0.00 ;0.00 ;0.00 ;0.00 
2025001;0314;PU10110000;116533048.00 ;116533048.00 ;116533048.00 ;5530.46 ;0.00 ;0.00 
0000000;0314;PU10120000;0.00 ;0.00 ;0.00 ;0.00 ;0.00 ;0.00 
2025001;0314;PU10140000;0.00 ;0.00 ;0.00 ;0.00 ;0.00 ;0.00 
2025001;0314;PU10150000;28268878.00 ;28268878.00 ;32051036.59 ;966.00 ;0.00 ;0.00 
0000000;0314;PU10170000;0.00 ;0.00 ;0.00 ;0.00 ;0.00 ;0.00 
2025001;0314;PU10180000;50000.00 ;50000.00 ;50000.00 ;0.00 ;0.00 ;0.00 
2025001;0314;PU10200000;4614702703.00 ;4614702703.00 ;4635117660.76 ;1827415.10 ;292715.86 ;0.00 
2025001;0314;PU10200100;874653581.00 ;874653581.00 ;877088639.54 ;28091.62 ;0.00 ;0.00 
2025001;0314;PU10200200;3740049122.00 ;3740049122.00 ;3758029021.22 ;1799323.48 ;292715.86 ;0.00 
2025001;0314;PU10220000;337000.00 ;337000.00 ;337000.00 ;0.00 ;0.00 ;0.00 
2025001;0314;PU10220100;50550.00 ;50550.00 ;50550.00 ;0.00 ;0.00 ;0.00 
2025001;0314;PU10220200;286450.00 ;286450.00 ;286450.00 ;0.00 ;0.00 ;0.00 
2025001;0314;PU10230000;7970996265.00 ;7970996265.00 ;8224073554.40 ;5404912.96 ;33600.00 ;0.00 
2025001;0314;PU10240000;1961362009.00 ;1961362009.00 ;1965719259.00 ;1580504.09 ;0.00 ;0.00 
2025001;0314;PU10250000;129000000.00 ;129000000.00 ;129000000.00 ;932636.81 ;0.00 ;0.00 
2025001;0314;SU1010000000;35000000.00 ;35000000.00 ;0.00 ;30547638.71 ;0.00 ;0.00 
2025001;0314;SU1020000000;11349801263.00 ;11349801263.00 ;0.00 ;907900615.00 ;0.00 ;0.00 
2025001;0314;SU1020010000;9968636847.00 ;9968636847.00 ;0.00 ;816832413.00 ;0.00 ;0.00 
2025001;0314;SU1020020000;1381164416.00 ;1381164416.00 ;0.00 ;91068202.00 ;0.00 ;0.00 
2025001;0314;SU1030000000;4668835572.00 ;4668835572.00 ;0.00 ;936836479.12 ;679251408.84 ;0.00 
2025001;0314;SU1030010000;3740049122.00 ;3740049122.00 ;0.00 ;448907287.67 ;257052200.80 ;0.00 
2025001;0314;SU1030030000;286450.00 ;286450.00 ;0.00 ;0.00 ;0.00 ;0.00 
2025001;0314;SU1030040000;928500000.00 ;928500000.00 ;0.00 ;487929191.45 ;422199208.04 ;0.00 
2025001;0314;SU5010000000;55248198881.00 ;55244744309.00 ;55264379198.82 ;444135097.26 ;1152741.10 ;0.00 
2025001;0314;SU5020000000;15817655942.00 ;15817655942.00 ;16069878232.18 ;82011707.39 ;789390.53 ;0.00 
2025001;0314;SU5030000000;17064652079.00 ;17068763651.00 ;17122306032.61 ;891409915.60 ;55033.04 ;0.00 
2025001;0314;SU5060000000;317056594.00 ;317056594.00 ;317056594.00 ;4255243.63 ;0.00 ;0.00 
2025001;0314;SU5070000000;10264183065.00 ;10264183065.00 ;10264183065.00 ;713660696.00 ;0.00 ;0.00 
2025001;0314;SU5080000000;9054482345.00 ;9054482345.00 ;9054482345.00 ;783241870.66 ;0.00 ;0.00 
2025001;0315;PU10010000;1287861049.00 ;1287861049.00 ;1287861049.00 ;0.00 ;0.00 ;0.00 
2025001;0315;PU10020000;429807953.00 ;429807953.00 ;429807953.00 ;0.00 ;0.00 ;0.00 
2025001;0315;PU10030000;12450659.00 ;12450659.00 ;12450659.00 ;0.00 ;0.00 ;0.00 
2025001;0315;PU10060000;260042547.00 ;260042547.00 ;260042547.00 ;0.00 ;0.00 ;0.00 
2025001;0315;PU10080000;296367295.00 ;296367295.00 ;296367295.00 ;0.00 ;0.00 ;0.00 
2025001;0315;PU10080100;296367295.00 ;296367295.00 ;296367295.00 ;0.00 ;0.00 ;0.00 
2025001;0315;PU10080101;296367295.00 ;296367295.00 ;296367295.00 ;0.00 ;0.00 ;0.00 
2025001;0315;PU10080102;0.00 ;0.00 ;0.00 ;0.00 ;0.00 ;0.00 
0000000;0315;PU10080200;0.00 ;0.00 ;0.00 ;0.00 ;0.00 ;0.00 
2025001;0315;PU10090000;0.00 ;0.00 ;0.00 ;0.00 ;0.00 ;0.00 
2025001;0315;PU10110000;295954295.00 ;295954295.00 ;295954295.00 ;0.00 ;0.00 ;0.00 
2025001;0315;PU10140000;0.00 ;0.00 ;0.00 ;0.00 ;0.00 ;0.00 
2025001;0315;PU10180000;3000000.00 ;3000000.00 ;3000000.00 ;0.00 ;0.00 ;0.00 
2025001;0315;PU10200000;13960304083.00 ;13960304083.00 ;15079745849.10 ;308092360.94 ;0.00 ;7281361.81 
2025001;0315;PU10200100;519369280.00 ;519369280.00 ;573694054.23 ;484081.37 ;0.00 ;470693.95 
2025001;0315;PU10200200;13440934803.00 ;13440934803.00 ;14506051794.87 ;307608279.57 ;0.00 ;6810667.86 
2025001;0315;PU10220000;276100000.00 ;276100000.00 ;276100000.00 ;0.00 ;0.00 ;0.00 
2025001;0315;PU10220100;41415000.00 ;41415000.00 ;41415000.00 ;0.00 ;0.00 ;0.00 
2025001;0315;PU10220200;234685000.00 ;234685000.00 ;234685000.00 ;0.00 ;0.00 ;0.00 
2025001;0315;PU10230000;4461609501.00 ;4461609501.00 ;4539865727.58 ;6035627.41 ;0.00 ;0.00 
2025001;0315;PU10240000;985023032.00 ;985023032.00 ;985023032.00 ;0.00 ;0.00 ;0.00 
2025001;0315;SU1010000000;170499999.00 ;170499999.00 ;0.00 ;3862079.00 ;0.00 ;0.00 
2025001;0315;SU1030000000;43695619803.00 ;43695619803.00 ;0.00 ;1132782168.90 ;132666.00 ;0.00 
2025001;0315;SU1030010000;13440934803.00 ;13440934803.00 ;0.00 ;2634053.91 ;0.00 ;0.00 
2025001;0315;SU1030030000;234685000.00 ;234685000.00 ;0.00 ;0.00 ;0.00 ;0.00 
2025001;0315;SU1030040000;30020000000.00 ;30020000000.00 ;0.00 ;1130148114.99 ;132666.00 ;0.00 
2025001;0315;SU5010000000;3313201536.00 ;3313201536.00 ;4434569518.34 ;65501357.99 ;0.00 ;7281361.81 
2025001;0315;SU5020000000;3007500000.00 ;3007500000.00 ;3007500000.00 ;107210228.65 ;0.00 ;0.00 
2025001;0315;SU5030000000;2957479138.00 ;2957479138.00 ;2957479138.00 ;134656372.41 ;0.00 ;0.00 
2025001;0315;SU5040000000;5762012462.00 ;5762012462.00 ;5857505746.38 ;133817254.32 ;269599.00 ;0.00 
2025001;0315;SU5050000000;6296065098.00 ;6296065098.00 ;6296065098.00 ;0.00 ;0.00 ;0.00 
2025001;0317;PU10010000;634687572.00 ;631243632.00 ;631243632.00 ;1229025.52 ;0.00 ;0.00 
2025001;0317;PU10020000;214389201.00 ;213225149.00 ;213225149.00 ;147151.04 ;0.00 ;0.00 
2025001;0317;PU10030000;5897801.00 ;5863362.00 ;5863362.00 ;4184.00 ;0.00 ;0.00 
2025001;0317;PU10060000;136460589.00 ;135884589.00 ;135884589.00 ;432625.52 ;0.00 ;0.00 
2025001;0317;PU10170000;29550080.00 ;29550080.00 ;29550080.00 ;0.00 ;0.00 ;0.00 
0000000;0317;PU10180000;0.00 ;0.00 ;0.00 ;0.00 ;0.00 ;0.00 
2025001;0317;PU10200000;8541054488.00 ;8541054488.00 ;8541054488.00 ;509998100.16 ;0.00 ;0.00 
2025001;0317;PU10200100;1199609546.00 ;1199609546.00 ;1199609546.00 ;51480656.85 ;0.00 ;0.00 
2025001;0317;PU10200200;7341444942.00 ;7341444942.00 ;7341444942.00 ;458517443.31 ;0.00 ;0.00 
2025001;0317;PU10220000;0.00 ;0.00 ;0.00 ;0.00 ;0.00 ;0.00 
2025001;0317;PU10220100;0.00 ;0.00 ;0.00 ;0.00 ;0.00 ;0.00 
2025001;0317;PU10220200;0.00 ;0.00 ;0.00 ;0.00 ;0.00 ;0.00 
2025001;0317;PU10230000;3384918830.00 ;3393818830.00 ;3393818830.00 ;1483293.77 ;0.00 ;0.00 
2025001;0317;PU10240000;453319606.00 ;450451666.00 ;450451666.00 ;418400.00 ;0.00 ;0.00 
2025001;0317;SU1010000000;3000000.00 ;3000000.00 ;0.00 ;484530.48 ;0.00 ;0.00 
2025001;0317;SU1030000000;7433444942.00 ;7433444942.00 ;0.00 ;10105683.24 ;0.00 ;0.00 
2025001;0317;SU1030010000;7341444942.00 ;7341444942.00 ;0.00 ;0.00 ;0.00 ;0.00 
0000000;0317;SU1030030000;0.00 ;0.00 ;0.00 ;0.00 ;0.00 ;0.00 
2025001;0317;SU1030040000;92000000.00 ;92000000.00 ;0.00 ;10105683.24 ;0.00 ;0.00 
2025001;0317;SU5010000000;10603947129.00 ;10617489560.00 ;10617489560.00 ;547257295.22 ;0.00 ;0.00 
2025001;0317;SU5010060000;310000000.00 ;310000000.00 ;310000000.00 ;0.00 ;0.00 ;0.00 
2025001;0317;SU5010100000;7840600.00 ;7840600.00 ;7840600.00 ;0.00 ;0.00 ;0.00 
2025001;0317;SU5019990000;10286106529.00 ;10299648960.00 ;10299648960.00 ;547257295.22 ;0.00 ;0.00 
2025001;0317;SU5020000000;1070635980.00 ;1070635980.00 ;1070635980.00 ;563644.00 ;0.00 ;0.00 
2025001;0317;SU5020050000;1040975682.00 ;1040975682.00 ;1040975682.00 ;0.00 ;0.00 ;0.00 
2025001;0317;SU5029990000;29660298.00 ;29660298.00 ;29660298.00 ;563644.00 ;0.00 ;0.00 
2025001;0317;SU5030000000;123489624.00 ;122713176.00 ;122713176.00 ;965456.00 ;0.00 ;0.00 
2025001;0317;SU5040000000;1504901382.00 ;1501035399.00 ;1501035399.00 ;28009561.78 ;0.00 ;0.00 
2025001;0321;PU10010000;56408032.00 ;56408032.00 ;56408032.00 ;0.00 ;0.00 ;0.00 
2025001;0321;PU10020000;19065914.00 ;19065914.00 ;19065914.00 ;0.00 ;0.00 ;0.00 
2025001;0321;PU10030000;376661.00 ;376661.00 ;376661.00 ;0.00 ;0.00 ;0.00 
2025001;0321;PU10060000;37666151.00 ;37666151.00 ;37666151.00 ;0.00 ;0.00 ;0.00 
2025001;0321;PU10080000;4813000000.00 ;4813000000.00 ;4813000000.00 ;10322016.84 ;0.00 ;0.00 
2025001;0321;PU10080100;4813000000.00 ;4813000000.00 ;4813000000.00 ;10322016.84 ;0.00 ;0.00 
2025001;0321;PU10080101;149841581.00 ;149841581.00 ;149841581.00 ;10323018.47 ;0.00 ;0.00 
2025001;0321;PU10080102;4663158419.00 ;4663158419.00 ;4663158419.00 ;1001.63-;0.00 ;0.00 
0000000;0321;PU10080200;0.00 ;0.00 ;0.00 ;0.00 ;0.00 ;0.00 
0000000;0321;PU10090000;0.00 ;0.00 ;0.00 ;0.00 ;0.00 ;0.00 
0000000;0321;PU10120000;0.00 ;0.00 ;0.00 ;0.00 ;0.00 ;0.00 
0000000;0321;PU10200000;0.00 ;0.00 ;0.00 ;0.00 ;0.00 ;0.00 
0000000;0321;PU10200100;0.00 ;0.00 ;0.00 ;0.00 ;0.00 ;0.00 
0000000;0321;PU10200200;0.00 ;0.00 ;0.00 ;0.00 ;0.00 ;0.00 
0000000;0321;PU10240000;0.00 ;0.00 ;0.00 ;0.00 ;0.00 ;0.00 
0000000;0321;SU1010000000;0.00 ;0.00 ;0.00 ;0.00 ;0.00 ;0.00 
2025001;0321;SU1030000000;0.00 ;0.00 ;0.00 ;714129.53 ;0.00 ;0.00 
0000000;0321;SU1030010000;0.00 ;0.00 ;0.00 ;0.00 ;0.00 ;0.00 
2025001;0321;SU1030040000;0.00 ;0.00 ;0.00 ;714129.53 ;0.00 ;0.00 
2025001;0321;SU5010000000;149841581.00 ;149841581.00 ;149841581.00 ;10323018.47 ;0.00 ;0.00 
2025001;0321;SU5020000000;4663158419.00 ;4663158419.00 ;4663158419.00 ;1001.63-;0.00 ;0.00 
2025001;0322;PU10010000;1219667635.00 ;1219667635.00 ;1279615323.54 ;0.00 ;0.00 ;0.00 
2025001;0322;PU10020000;407543951.00 ;407543951.00 ;429372066.00 ;0.00 ;0.00 ;0.00 
2025001;0322;PU10030000;11264242.00 ;11264242.00 ;11563966.00 ;0.00 ;0.00 ;0.00 
2025001;0322;PU10060000;152715553.00 ;152715553.00 ;157886821.00 ;0.00 ;0.00 ;0.00 
2025001;0322;PU10080000;3806998380.00 ;3806998380.00 ;3809009480.00 ;29510434.69 ;0.00 ;0.00 
2025001;0322;PU10080100;1051451566.00 ;1051451566.00 ;1053462666.00 ;0.00 ;0.00 ;0.00 
2025001;0322;PU10080101;511451566.00 ;511451566.00 ;513462666.00 ;0.00 ;0.00 ;0.00 
2025001;0322;PU10080102;540000000.00 ;540000000.00 ;540000000.00 ;0.00 ;0.00 ;0.00 
2025001;0322;PU10080200;2755546814.00 ;2755546814.00 ;2755546814.00 ;29510434.69 ;0.00 ;0.00 
2025001;0322;PU10090000;540000000.00 ;540000000.00 ;540000000.00 ;0.00 ;0.00 ;0.00 
2025001;0322;PU10110000;505501566.00 ;505501566.00 ;505501566.00 ;0.00 ;0.00 ;0.00 
0000000;0322;PU10120000;0.00 ;0.00 ;0.00 ;0.00 ;0.00 ;0.00 
2025001;0322;PU10140000;0.00 ;0.00 ;0.00 ;0.00 ;0.00 ;0.00 
0000000;0322;PU10150000;0.00 ;0.00 ;0.00 ;0.00 ;0.00 ;0.00 
0000000;0322;PU10180000;0.00 ;0.00 ;0.00 ;0.00 ;0.00 ;0.00 
2025001;0322;PU10200000;17807953978.00 ;17807953978.00 ;17813424964.42 ;483467058.87 ;0.00 ;0.00 
2025001;0322;PU10200100;165345662.00 ;165345662.00 ;165345662.00 ;3606424.89 ;0.00 ;0.00 
2025001;0322;PU10200200;17642608316.00 ;17642608316.00 ;17648079302.42 ;479860633.98 ;0.00 ;0.00 
2025001;0322;PU10220000;0.00 ;0.00 ;0.00 ;0.00 ;0.00 ;0.00 
0000000;0322;PU10220100;0.00 ;0.00 ;0.00 ;0.00 ;0.00 ;0.00 
2025001;0322;PU10220200;0.00 ;0.00 ;0.00 ;0.00 ;0.00 ;0.00 
2025001;0322;PU10230000;1570759600.00 ;1570759600.00 ;1579754859.06 ;2011962.44 ;0.00 ;0.00 
2025001;0322;PU10240000;973708668.00 ;973708668.00 ;998509705.54 ;0.00 ;0.00 ;0.00 
0000000;0322;PU10250000;0.00 ;0.00 ;0.00 ;0.00 ;0.00 ;0.00 
2025001;0322;SU1010000000;201333333.00 ;201333333.00 ;0.00 ;6569393.42 ;0.00 ;0.00 
2025001;0322;SU1030000000;21415608316.00 ;21415608316.00 ;0.00 ;539333481.38 ;0.00 ;0.00 
2025001;0322;SU1030010000;17642608316.00 ;17642608316.00 ;0.00 ;524083280.39 ;0.00 ;0.00 
0000000;0322;SU1030030000;0.00 ;0.00 ;0.00 ;0.00 ;0.00 ;0.00 
2025001;0322;SU1030040000;3773000000.00 ;3773000000.00 ;0.00 ;15250200.99 ;0.00 ;0.00 
2025001;0322;SU5010000000;19302045762.00 ;19302045762.00 ;19370002739.42 ;472953493.87 ;0.00 ;0.00 
2025001;0322;SU5020000000;4300933333.00 ;4300933333.00 ;4300933333.00 ;292105000.00 ;0.00 ;0.00 
2025001;0322;SU5020010000;2900933333.00 ;2900933333.00 ;2900933333.00 ;182939000.00 ;0.00 ;0.00 
2025001;0322;SU5020020000;1400000000.00 ;1400000000.00 ;1400000000.00 ;109166000.00 ;0.00 ;0.00 
2025001;0322;SU5030000000;2787778153.00 ;2787778153.00 ;2869566969.05 ;115299565.30 ;0.00 ;13769.80 
2025001;0322;SU5040000000;8500000000.00 ;8500000000.00 ;8500000000.00 ;3212500000.00 ;0.00 ;0.00 
2025001;0322;SU5050000000;914009814.00 ;914009814.00 ;914009814.00 ;11599495.23 ;0.00 ;0.00 
2025001;0322;SU5050010000;909509814.00 ;909509814.00 ;909509814.00 ;11554944.23 ;0.00 ;0.00 
2025001;0322;SU5050020000;4500000.00 ;4500000.00 ;4500000.00 ;44551.00 ;0.00 ;0.00 
2025001;0322;SU5060000000;0.00 ;0.00 ;516863753.00 ;516863753.00 ;0.00 ;516863753.00 
2025001;0322;SU5060010000;0.00 ;0.00 ;516863753.00 ;516863753.00 ;0.00 ;516863753.00 
0000000;0322;SU5060020000;0.00 ;0.00 ;0.00 ;0.00 ;0.00 ;0.00 
2025001;0327;PU10010000;664940733.00 ;664940733.00 ;664940733.00 ;465795.00 ;0.00 ;0.00 
2025001;0327;PU10020000;224749970.00 ;224749970.00 ;224749970.00 ;0.00 ;0.00 ;0.00 
2025001;0327;PU10030000;6529724.00 ;6529724.00 ;6529724.00 ;22800.00 ;0.00 ;0.00 
2025001;0327;PU10060000;79064254.00 ;79064254.00 ;79064254.00 ;0.00 ;0.00 ;0.00 
2025001;0327;PU10080000;91739905.00 ;91739905.00 ;91739905.00 ;0.00 ;0.00 ;0.00 
2025001;0327;PU10080100;91412441.00 ;91412441.00 ;91412441.00 ;0.00 ;0.00 ;0.00 
2025001;0327;PU10080101;91412441.00 ;91412441.00 ;91412441.00 ;0.00 ;0.00 ;0.00 
0000000;0327;PU10080102;0.00 ;0.00 ;0.00 ;0.00 ;0.00 ;0.00 
2025001;0327;PU10080200;327464.00 ;327464.00 ;327464.00 ;0.00 ;0.00 ;0.00 
0000000;0327;PU10090000;0.00 ;0.00 ;0.00 ;0.00 ;0.00 ;0.00 
2025001;0327;PU10110000;91412441.00 ;91412441.00 ;91412441.00 ;0.00 ;0.00 ;0.00 
2025001;0327;PU10180000;7684309.00 ;7684309.00 ;7684309.00 ;122342.46 ;0.00 ;0.00 
2025001;0327;PU10200000;37507460668.00 ;37507460668.00 ;37507460668.00 ;21235.50 ;0.00 ;0.00 
2025001;0327;PU10200100;16074317.00 ;16074317.00 ;16074317.00 ;3185.33 ;0.00 ;0.00 
2025001;0327;PU10200200;37491386351.00 ;37491386351.00 ;37491386351.00 ;18050.17 ;0.00 ;0.00 
0000000;0327;PU10220000;0.00 ;0.00 ;0.00 ;0.00 ;0.00 ;0.00 
0000000;0327;PU10220100;0.00 ;0.00 ;0.00 ;0.00 ;0.00 ;0.00 
0000000;0327;PU10220200;0.00 ;0.00 ;0.00 ;0.00 ;0.00 ;0.00 
2025001;0327;PU10230000;82087334518.00 ;82087334518.00 ;82139930646.92 ;17023445.23 ;0.00 ;12551602.25 
2025001;0327;PU10240000;573908283.00 ;573908283.00 ;573908283.00 ;465795.00 ;0.00 ;0.00 
2025001;0327;PU10250000;136389600.00 ;136389600.00 ;136389600.00 ;0.00 ;0.00 ;0.00 
2025001;0327;SU1010000000;225000000.00 ;225000000.00 ;0.00 ;18873528.76 ;0.00 ;0.00 
2025001;0327;SU1030000000;38453386351.00 ;38453386351.00 ;0.00 ;68898387.12 ;0.00 ;0.00 
2025001;0327;SU1030010000;37491386351.00 ;37491386351.00 ;0.00 ;64257957.71 ;0.00 ;0.00 
0000000;0327;SU1030030000;0.00 ;0.00 ;0.00 ;0.00 ;0.00 ;0.00 
2025001;0327;SU1030040000;962000000.00 ;962000000.00 ;0.00 ;4640429.41 ;0.00 ;0.00 
2025001;0327;SU5010000000;11056914641.00 ;11056914641.00 ;11056914641.00 ;614955791.00 ;0.00 ;0.00 
0000000;0327;SU5020000000;0.00 ;0.00 ;0.00 ;0.00 ;0.00 ;0.00 
2025001;0327;SU5030000000;119202233820.00 ;119202233820.00 ;119202233820.00 ;0.00 ;0.00 ;0.00 
2025001;0327;SU5030010000;37397288000.00 ;37397288000.00 ;37397288000.00 ;0.00 ;0.00 ;0.00 
2025001;0327;SU5030040000;81804945820.00 ;81804945820.00 ;81804945820.00 ;0.00 ;0.00 ;0.00 
2025001;0327;SU5040000000;9227662463.00 ;9227647463.00 ;9280243591.92 ;105305678.36 ;0.00 ;12551602.25 
2025001;0328;PU10010000;361504405.00 ;361504405.00 ;361504405.00 ;0.00 ;0.00 ;0.00 
2025001;0328;PU10020000;54320818.00 ;54320818.00 ;54320818.00 ;0.00 ;0.00 ;0.00 
2025001;0328;PU10030000;3461103.00 ;3461103.00 ;3461103.00 ;865275.75 ;0.00 ;0.00 
0000000;0328;PU10060000;0.00 ;0.00 ;0.00 ;0.00 ;0.00 ;0.00 
0000000;0328;PU10180000;0.00 ;0.00 ;0.00 ;0.00 ;0.00 ;0.00 
2025001;0328;PU10200000;1860240.00 ;1860240.00 ;1860240.00 ;13800.00 ;0.00 ;0.00 
2025001;0328;PU10200100;0.00 ;0.00 ;0.00 ;0.00 ;0.00 ;0.00 
2025001;0328;PU10200200;1860240.00 ;1860240.00 ;1860240.00 ;13800.00 ;0.00 ;0.00 
2025001;0328;PU10230000;88700000.00 ;88700000.00 ;88700000.00 ;953933.75 ;0.00 ;0.00 
2025001;0328;PU10240000;346110228.00 ;346110228.00 ;346110228.00 ;0.00 ;0.00 ;0.00 
2025001;0328;PU10250000;40000000.00 ;40000000.00 ;40000000.00 ;0.00 ;0.00 ;0.00 
2025001;0328;SU1010000000;28000000.00 ;28000000.00 ;0.00 ;1755128.35 ;0.00 ;0.00 
2025001;0328;SU1030000000;1019860240.00 ;1019860240.00 ;0.00 ;1246136259.38 ;0.00 ;0.00 
2025001;0328;SU1030010000;1860240.00 ;1860240.00 ;0.00 ;0.00 ;0.00 ;0.00 
2025001;0328;SU1030040000;1018000000.00 ;1018000000.00 ;0.00 ;1246136259.38 ;0.00 ;0.00 
2025001;0328;SU5010000000;2179811178.00 ;2179811178.00 ;2179811178.00 ;9660258.04 ;0.00 ;0.00 
2025001;0328;SU5010010000;80000000.00 ;80000000.00 ;80000000.00 ;0.00 ;0.00 ;0.00 
2025001;0328;SU5010020000;10000000.00 ;10000000.00 ;10000000.00 ;0.00 ;0.00 ;0.00 
2025001;0328;SU5010030000;589811178.00 ;589811178.00 ;589811178.00 ;9660258.04 ;0.00 ;0.00 
2025001;0328;SU5010040000;1500000000.00 ;1500000000.00 ;1500000000.00 ;0.00 ;0.00 ;0.00 
2025001;0329;PU10010000;2920590924.00 ;2920590924.00 ;2923973642.00 ;0.00 ;0.00 ;0.00 
2025001;0329;PU10020000;984361643.00 ;984361643.00 ;985377028.92 ;0.00 ;0.00 ;0.00 
2025001;0329;PU10030000;28811231.00 ;28811231.00 ;28836897.86 ;0.00 ;0.00 ;0.00 
2025001;0329;PU10060000;441720593.00 ;442720593.00 ;445212620.00 ;0.00 ;0.00 ;0.00 
2025001;0329;PU10080000;1153107167.00 ;1153107167.00 ;1153107167.00 ;0.00 ;0.00 ;0.00 
2025001;0329;PU10080100;1153107167.00 ;1153107167.00 ;1153107167.00 ;0.00 ;0.00 ;0.00 
2025001;0329;PU10080101;553107167.00 ;553107167.00 ;553107167.00 ;0.00 ;0.00 ;0.00 
2025001;0329;PU10080102;600000000.00 ;600000000.00 ;600000000.00 ;0.00 ;0.00 ;0.00 
0000000;0329;PU10080200;0.00 ;0.00 ;0.00 ;0.00 ;0.00 ;0.00 
2025001;0329;PU10090000;600000000.00 ;600000000.00 ;600000000.00 ;0.00 ;0.00 ;0.00 
2025001;0329;PU10110000;547627167.00 ;547627167.00 ;547627167.00 ;0.00 ;0.00 ;0.00 
2025001;0329;PU10140000;0.00 ;0.00 ;3340403.44 ;208.54 ;0.00 ;208.54 
2025001;0329;PU10180000;1700000.00 ;1700000.00 ;1700000.00 ;0.00 ;0.00 ;0.00 
2025001;0329;PU10200000;207728445.00 ;207728445.00 ;211755964.93 ;4110504.01 ;40344.00 ;14302.20 
2025001;0329;PU10200100;46100068.00 ;46100068.00 ;46100068.00 ;1216757.34 ;0.00 ;0.00 
2025001;0329;PU10200200;161628377.00 ;161628377.00 ;165655896.93 ;2893746.67 ;40344.00 ;14302.20 
2025001;0329;PU10210000;35573738415.00 ;35573738415.00 ;35573738415.00 ;1402789684.47 ;0.00 ;0.00 
2025001;0329;PU10210100;20588340365.00 ;20588340365.00 ;20588340365.00 ;361752249.83 ;0.00 ;0.00 
2025001;0329;PU10210200;0.00 ;0.00 ;0.00 ;0.00 ;0.00 ;0.00 
2025001;0329;PU10210300;6084651794.00 ;6084651794.00 ;6084651794.00 ;652444158.17 ;0.00 ;0.00 
2025001;0329;PU10210400;7940273256.00 ;7940273256.00 ;7940273256.00 ;388593276.47 ;0.00 ;0.00 
2025001;0329;PU10210500;172639000.00 ;172639000.00 ;172639000.00 ;0.00 ;0.00 ;0.00 
2025001;0329;PU10210600;787834000.00 ;787834000.00 ;787834000.00 ;0.00 ;0.00 ;0.00 
2025001;0329;PU10230000;3126954720.00 ;3126954720.00 ;3134966094.98 ;12465282.27 ;0.00 ;0.00 
2025001;0329;PU10240000;2439402449.00 ;2438402449.00 ;2438402449.00 ;0.00 ;0.00 ;0.00 
2025001;0329;SU1010000000;12000000.00 ;12000000.00 ;0.00 ;3256332.99 ;0.00 ;0.00 
2025001;0329;SU1030000000;39768375998.00 ;39768375998.00 ;0.00 ;9832946390.46 ;2250000.00 ;0.00 
2025001;0329;SU1030010000;161628377.00 ;161628377.00 ;0.00 ;0.00 ;0.00 ;0.00 
2025001;0329;SU1030020000;29316447621.00 ;29316447621.00 ;0.00 ;9707165357.15 ;0.00 ;0.00 
2025001;0329;SU1030040000;10290300000.00 ;10290300000.00 ;0.00 ;125781033.31 ;2250000.00 ;0.00 
2025001;0329;SU5010000000;41989738415.00 ;41989738415.00 ;41989738415.00 ;1458826108.05 ;0.00 ;0.00 
2025001;0329;SU5010010000;39238738415.00 ;39238738415.00 ;39238738415.00 ;1430289684.47 ;0.00 ;0.00 
2025001;0329;SU5010020000;2751000000.00 ;2751000000.00 ;2751000000.00 ;28536423.58 ;0.00 ;0.00 
2025001;0329;SU5020000000;2350000000.00 ;2350000000.00 ;2350000000.00 ;557500000.00 ;0.00 ;0.00 
2025001;0329;SU5020010000;2230000000.00 ;2230000000.00 ;2230000000.00 ;557500000.00 ;0.00 ;0.00 
2025001;0329;SU5020020000;120000000.00 ;120000000.00 ;120000000.00 ;0.00 ;0.00 ;0.00 
2025001;0329;SU5030000000;1500000000.00 ;1500000000.00 ;1500000000.00 ;0.00 ;0.00 ;0.00 
2025001;0329;SU5040000000;2550000000.00 ;2550000000.00 ;2550000000.00 ;0.00 ;0.00 ;0.00 
2025001;0329;SU5050000000;40000000.00 ;40000000.00 ;40000000.00 ;0.00 ;0.00 ;0.00 
2025001;0329;SU5060000000;10594575040.00 ;10585675040.00 ;10614179593.30 ;349631960.05 ;212164.00 ;3459036.13 
2025001;0333;PU10010000;1220191686.00 ;1220191686.00 ;1220191686.00 ;3380640.00 ;0.00 ;0.00 
2025001;0333;PU10020000;405351167.00 ;405351167.00 ;405351167.00 ;1396401.44 ;0.00 ;0.00 
2025001;0333;PU10030000;11157891.00 ;11157891.00 ;11157891.00 ;49745.52 ;0.00 ;0.00 
2025001;0333;PU10060000;227496694.00 ;227496694.00 ;227496694.00 ;64775.00 ;0.00 ;0.00 
2025001;0333;PU10080000;22876132537.00 ;22876132537.00 ;22876132537.00 ;9365381748.83 ;0.00 ;0.00 
2025001;0333;PU10080100;18514308073.00 ;18514308073.00 ;18514308073.00 ;9226558566.86 ;0.00 ;0.00 
2025001;0333;PU10080101;14091154616.00 ;14091154616.00 ;14091154616.00 ;8972265556.26 ;0.00 ;0.00 
2025001;0333;PU10080102;4423153457.00 ;4423153457.00 ;4423153457.00 ;254293010.60 ;0.00 ;0.00 
2025001;0333;PU10080200;4361824464.00 ;4361824464.00 ;4361824464.00 ;138823181.97 ;0.00 ;0.00 
2025001;0333;PU10090000;968846643.00 ;968846643.00 ;968846643.00 ;254293010.60 ;0.00 ;0.00 
2025001;0333;PU10100000;1048777200.00 ;1048777200.00 ;1048777200.00 ;0.00 ;0.00 ;0.00 
2025001;0333;PU10110000;9570111989.00 ;9570111989.00 ;9570111989.00 ;7985217919.00 ;0.00 ;0.00 
2025001;0333;PU10120000;2596921000.00 ;2596921000.00 ;2596921000.00 ;929532421.26 ;0.00 ;0.00 
2025001;0333;PU10140000;112000000.00 ;112000000.00 ;112000000.00 ;0.00 ;0.00 ;0.00 
2025001;0333;PU10150000;31346100.00 ;31346100.00 ;31346100.00 ;0.00 ;0.00 ;0.00 
2025001;0333;PU10160000;4500000.00 ;4500000.00 ;4500000.00 ;0.00 ;0.00 ;0.00 
2025001;0333;PU10170000;17887500.00 ;17887500.00 ;17887500.00 ;0.00 ;0.00 ;0.00 
2025001;0333;PU10180000;360750.00 ;360750.00 ;360750.00 ;0.00 ;0.00 ;0.00 
2025001;0333;PU10200000;19619992563.00 ;19619992563.00 ;19639992563.00 ;464604152.89 ;0.00 ;0.00 
2025001;0333;PU10200100;4104505574.00 ;4104505574.00 ;4104505574.00 ;66257115.73 ;0.00 ;0.00 
2025001;0333;PU10200200;15515486989.00 ;15515486989.00 ;15535486989.00 ;398347037.16 ;0.00 ;0.00 
2025001;0333;PU10220000;33587303.00 ;33587303.00 ;33587303.00 ;0.00 ;0.00 ;0.00 
2025001;0333;PU10220100;13440000.00 ;13440000.00 ;13440000.00 ;0.00 ;0.00 ;0.00 
2025001;0333;PU10220200;20147303.00 ;20147303.00 ;20147303.00 ;0.00 ;0.00 ;0.00 
2025001;0333;PU10230000;3130725435.00 ;3130725435.00 ;3196563075.07 ;48791484.46 ;0.00 ;0.00 
2025001;0333;PU10240000;888355093.00 ;888355093.00 ;888355093.00 ;0.00 ;0.00 ;0.00 
2025001;0333;PU10250000;0.00 ;6172000.00 ;6172000.00 ;0.00 ;0.00 ;0.00 
2025001;0333;SU1010000000;700000.00 ;700000.00 ;0.00 ;202600.00 ;0.00 ;0.00 
2025001;0333;SU1030000000;15649832892.00 ;15649832892.00 ;0.00 ;3346389.22 ;815329.17 ;0.00 
2025001;0333;SU1030010000;15515486989.00 ;15515486989.00 ;0.00 ;0.00 ;0.00 ;0.00 
2025001;0333;SU1030030000;20147303.00 ;20147303.00 ;0.00 ;0.00 ;0.00 ;0.00 
2025001;0333;SU1030040000;114198600.00 ;114198600.00 ;0.00 ;3346389.22 ;815329.17 ;0.00 
2025001;0333;SU5010000000;57781424031.00 ;57787596031.00 ;57787596031.00 ;14934462790.83 ;0.00 ;0.00 
2025001;0333;SU5010010000;34905291494.00 ;34911463494.00 ;34911463494.00 ;5569081042.00 ;0.00 ;0.00 
2025001;0333;SU5010020000;22876132537.00 ;22876132537.00 ;22876132537.00 ;9365381748.83 ;0.00 ;0.00 
2025001;0333;SU5020000000;216732593455.00 ;216732593455.00 ;216732593455.00 ;37835699663.00 ;0.00 ;0.00 
2025001;0333;SU5030000000;297589252.00 ;299589252.00 ;299589252.00 ;17886722.46 ;0.00 ;0.00 
2025001;0333;SU5040000000;333979769.00 ;333979769.00 ;333979769.00 ;6382202.04 ;0.00 ;0.00 
2025001;0333;SU5040010000;217158427.00 ;217158427.00 ;217158427.00 ;6382202.04 ;0.00 ;0.00 
2025001;0333;SU5040020000;116821342.00 ;116821342.00 ;116821342.00 ;0.00 ;0.00 ;0.00 
2025001;0333;SU5050000000;13303850535.00 ;13303850535.00 ;13323850535.00 ;269259997.48 ;0.00 ;0.00 
2025001;0333;SU5060000000;2429130502.00 ;2427130502.00 ;2472968142.07 ;202810707.65 ;0.00 ;0.00 
2025001;0334;PU10010000;216720321.00 ;216720321.00 ;216720321.00 ;0.00 ;0.00 ;0.00 
2025001;0334;PU10020000;72341810.00 ;72341810.00 ;72341810.00 ;0.00 ;0.00 ;0.00 
2025001;0334;PU10030000;1991855.00 ;1991855.00 ;1991855.00 ;0.00 ;0.00 ;0.00 
2025001;0334;PU10060000;32786564.00 ;32786564.00 ;32786564.00 ;0.00 ;0.00 ;0.00 
2025001;0334;PU10080000;496710000.00 ;496710000.00 ;496710000.00 ;0.00 ;0.00 ;0.00 
2025001;0334;PU10080100;496710000.00 ;496710000.00 ;496710000.00 ;0.00 ;0.00 ;0.00 
2025001;0334;PU10080101;153950000.00 ;153950000.00 ;153950000.00 ;0.00 ;0.00 ;0.00 
2025001;0334;PU10080102;342760000.00 ;342760000.00 ;342760000.00 ;0.00 ;0.00 ;0.00 
0000000;0334;PU10080200;0.00 ;0.00 ;0.00 ;0.00 ;0.00 ;0.00 
2025001;0334;PU10090000;342760000.00 ;342760000.00 ;342760000.00 ;0.00 ;0.00 ;0.00 
2025001;0334;PU10110000;148950000.00 ;148950000.00 ;148950000.00 ;0.00 ;0.00 ;0.00 
0000000;0334;PU10140000;0.00 ;0.00 ;0.00 ;0.00 ;0.00 ;0.00 
2025001;0334;PU10170000;2000000.00 ;2000000.00 ;2000000.00 ;0.00 ;0.00 ;0.00 
2025001;0334;PU10180000;200000.00 ;200000.00 ;200000.00 ;0.00 ;0.00 ;0.00 
2025001;0334;PU10200000;2042813762.00 ;2042813762.00 ;2042813762.00 ;0.00 ;0.00 ;0.00 
2025001;0334;PU10200100;176823327.00 ;176823327.00 ;176823327.00 ;0.00 ;0.00 ;0.00 
2025001;0334;PU10200200;1865990435.00 ;1865990435.00 ;1865990435.00 ;0.00 ;0.00 ;0.00 
2025001;0334;PU10220000;100000.00 ;100000.00 ;100000.00 ;0.00 ;0.00 ;0.00 
2025001;0334;PU10220100;15000.00 ;15000.00 ;15000.00 ;0.00 ;0.00 ;0.00 
2025001;0334;PU10220200;85000.00 ;85000.00 ;85000.00 ;0.00 ;0.00 ;0.00 
2025001;0334;PU10230000;4614090697.00 ;4614090697.00 ;4614090697.00 ;0.00 ;0.00 ;0.00 
2025001;0334;PU10240000;166498938.00 ;166498938.00 ;166498938.00 ;0.00 ;0.00 ;0.00 
2025001;0334;SU1010000000;40000.00 ;40000.00 ;0.00 ;2090.00 ;0.00 ;0.00 
2025001;0334;SU1030000000;2046450546.00 ;2046450546.00 ;0.00 ;3784647.78 ;0.00 ;0.00 
2025001;0334;SU1030010000;1865990435.00 ;1865990435.00 ;0.00 ;0.00 ;0.00 ;0.00 
2025001;0334;SU1030030000;85000.00 ;85000.00 ;0.00 ;2857819.00 ;0.00 ;0.00 
2025001;0334;SU1030040000;180375111.00 ;180375111.00 ;0.00 ;926828.78 ;0.00 ;0.00 
2025001;0334;SU5010000000;496710000.00 ;496710000.00 ;496710000.00 ;0.00 ;0.00 ;0.00 
2025001;0334;SU5020000000;3777968363.00 ;3777968363.00 ;3777968363.00 ;722376500.00 ;0.00 ;0.00 
2025001;0334;SU5020010000;3055591863.00 ;3055591863.00 ;3055591863.00 ;0.00 ;0.00 ;0.00 
2025001;0334;SU5020020000;722376500.00 ;722376500.00 ;722376500.00 ;722376500.00 ;0.00 ;0.00 
2025001;0334;SU5030000000;541611769.00 ;541611769.00 ;541611769.00 ;18634474.52 ;0.00 ;0.00 
2025001;0334;SU5030010000;85380000.00 ;85380000.00 ;85380000.00 ;0.00 ;0.00 ;0.00 
2025001;0334;SU5030030000;384356769.00 ;384356769.00 ;384356769.00 ;4379474.52 ;0.00 ;0.00 
2025001;0334;SU5030040000;71875000.00 ;71875000.00 ;71875000.00 ;14255000.00 ;0.00 ;0.00 
2025001;0334;SU5040000000;10122626434.00 ;10122626434.00 ;10122626434.00 ;0.00 ;0.00 ;0.00 
2025001;0334;SU5040010000;6637999185.00 ;6637999185.00 ;6637999185.00 ;0.00 ;0.00 ;0.00 
2025001;0334;SU5040020000;1820000000.00 ;1820000000.00 ;1820000000.00 ;0.00 ;0.00 ;0.00 
2025001;0334;SU5040030000;1038104650.00 ;1038104650.00 ;1038104650.00 ;0.00 ;0.00 ;0.00 
2025001;0334;SU5040040000;100000.00 ;100000.00 ;100000.00 ;0.00 ;0.00 ;0.00 
2025001;0334;SU5040050000;626422599.00 ;626422599.00 ;626422599.00 ;0.00 ;0.00 ;0.00 
2025001;0334;SU5050000000;3220276706.00 ;3220276706.00 ;3220276706.00 ;158119.67 ;0.00 ;0.00 
2025001;0334;SU5050010000;400000000.00 ;400000000.00 ;400000000.00 ;0.00 ;0.00 ;0.00 
2025001;0334;SU5050020000;1146805000.00 ;1146805000.00 ;1146805000.00 ;158119.67 ;0.00 ;0.00 
2025001;0334;SU5050030000;48207000.00 ;48207000.00 ;48207000.00 ;0.00 ;0.00 ;0.00 
2025001;0334;SU5050040000;1625264706.00 ;1625264706.00 ;1625264706.00 ;0.00 ;0.00 ;0.00 
2025001;0334;SU5060000000;1107000000.00 ;1107000000.00 ;1107000000.00 ;0.00 ;0.00 ;0.00 
2025001;0334;SU5060010000;161000000.00 ;161000000.00 ;161000000.00 ;0.00 ;0.00 ;0.00 
2025001;0334;SU5060020000;946000000.00 ;946000000.00 ;946000000.00 ;0.00 ;0.00 ;0.00 
2025001;0334;SU5070000000;37000000.00 ;37000000.00 ;37000000.00 ;0.00 ;0.00 ;0.00 
2025001;0334;SU5070010000;2000000.00 ;2000000.00 ;2000000.00 ;0.00 ;0.00 ;0.00 
2025001;0334;SU5070020000;35000000.00 ;35000000.00 ;35000000.00 ;0.00 ;0.00 ;0.00 
2025001;0334;SU5080000000;584000000.00 ;584000000.00 ;584000000.00 ;0.00 ;0.00 ;0.00 
2025001;0334;SU5090000000;1632894849.00 ;1632894849.00 ;1632894849.00 ;0.00 ;0.00 ;0.00 
2025001;0334;SU5090010000;1400000000.00 ;1400000000.00 ;1400000000.00 ;0.00 ;0.00 ;0.00 
2025001;0334;SU5090020000;232894849.00 ;232894849.00 ;232894849.00 ;0.00 ;0.00 ;0.00 
2025001;0334;SU5100000000;2500000.00 ;2500000.00 ;2500000.00 ;0.00 ;0.00 ;0.00 
2025001;0335;PU10010000;1801586271.00 ;1801586271.00 ;2110013833.00 ;1810881.00 ;1811711.00 ;0.00 
2025001;0335;PU10020000;608296324.00 ;608296324.00 ;713106873.00 ;654166.00 ;654447.00 ;0.00 
2025001;0335;PU10030000;17119123.00 ;17119123.00 ;20147686.14 ;15431.00 ;15431.00 ;0.00 
2025001;0335;PU10060000;369053640.00 ;369053640.00 ;404504904.00 ;76126.00 ;76126.00 ;0.00 
2025001;0335;PU10080000;1977404972.00 ;1977404972.00 ;1977404972.00 ;62555.42 ;0.00 ;0.00 
2025001;0335;PU10080100;1977404972.00 ;1977404972.00 ;1977404972.00 ;62555.42 ;0.00 ;0.00 
2025001;0335;PU10080101;739045473.00 ;739045473.00 ;739045473.00 ;62555.42 ;0.00 ;0.00 
2025001;0335;PU10080102;1238359499.00 ;1238359499.00 ;1238359499.00 ;0.00 ;0.00 ;0.00 
0000000;0335;PU10080200;0.00 ;0.00 ;0.00 ;0.00 ;0.00 ;0.00 
2025001;0335;PU10090000;1238359499.00 ;1238359499.00 ;1238359499.00 ;0.00 ;0.00 ;0.00 
2025001;0335;PU10110000;724582968.00 ;724582968.00 ;724582968.00 ;0.00 ;0.00 ;0.00 
2025001;0335;PU10140000;3000000.00 ;3000000.00 ;3000000.00 ;234879.40 ;0.00 ;0.00 
0000000;0335;PU10150000;0.00 ;0.00 ;0.00 ;0.00 ;0.00 ;0.00 
0000000;0335;PU10160000;0.00 ;0.00 ;0.00 ;0.00 ;0.00 ;0.00 
2025001;0335;PU10180000;20000000.00 ;20000000.00 ;20000000.00 ;0.00 ;0.00 ;0.00 
2025001;0335;PU10190000;514000000.00 ;514000000.00 ;514000000.00 ;49651028.28 ;0.00 ;0.00 
2025001;0335;PU10200000;7844957480.00 ;7844957480.00 ;7844957480.00 ;50751497.18 ;0.00 ;0.00 
2025001;0335;PU10200100;623553550.00 ;623553550.00 ;623553550.00 ;17038791.81 ;0.00 ;0.00 
2025001;0335;PU10200200;7221403930.00 ;7221403930.00 ;7221403930.00 ;33712705.37 ;0.00 ;0.00 
2025001;0335;PU10220000;9643000.00 ;9643000.00 ;9643000.00 ;0.00 ;0.00 ;0.00 
2025001;0335;PU10220100;1446450.00 ;1446450.00 ;1446450.00 ;0.00 ;0.00 ;0.00 
2025001;0335;PU10220200;8196550.00 ;8196550.00 ;8196550.00 ;0.00 ;0.00 ;0.00 
2025001;0335;PU10230000;9960891616.00 ;9960891616.00 ;9965903207.18 ;50751497.23 ;0.00 ;0.00 
2025001;0335;PU10240000;1344751629.00 ;1344751629.00 ;1601982609.00 ;1467006.00 ;1467006.00 ;0.00 
2025001;0335;PU10250000;27000000.00 ;27000000.00 ;27000000.00 ;0.00 ;0.00 ;0.00 
2025001;0335;SU1010000000;30000000.00 ;30000000.00 ;0.00 ;3360502.11 ;0.00 ;0.00 
2025001;0335;SU1030000000;7329600480.00 ;7329600480.00 ;0.00 ;695210563.70 ;677264120.00 ;0.00 
2025001;0335;SU1030010000;7221403930.00 ;7221403930.00 ;0.00 ;0.00 ;0.00 ;0.00 
2025001;0335;SU1030030000;8196550.00 ;8196550.00 ;0.00 ;0.00 ;0.00 ;0.00 
2025001;0335;SU1030040000;100000000.00 ;100000000.00 ;0.00 ;695210563.70 ;677264120.00 ;0.00 
2025001;0335;SU5010000000;2455024754.00 ;2455024754.00 ;3162298837.02 ;46145793.53 ;19135389.95 ;6200000.00 
2025001;0335;SU5020000000;1977404972.00 ;1977404972.00 ;1977404972.00 ;62555.42 ;0.00 ;0.00 
2025001;0335;SU5030000000;1629285317.00 ;1629285317.00 ;1630730849.14 ;285148240.11 ;0.00 ;31388.86 
2025001;0335;SU5040000000;3004901758.00 ;3004901758.00 ;3004901758.00 ;0.00 ;0.00 ;0.00 
2025001;0335;SU5050000000;7922280906.00 ;7922280906.00 ;7922280906.00 ;50846497.23 ;0.00 ;0.00 
2025001;0335;SU5060000000;644144000.00 ;644144000.00 ;674144000.00 ;9949415.94 ;0.00 ;8989864.00 
2025001;0336;PU10010000;21925044039.00 ;21925044039.00 ;21972220124.79 ;454580.52 ;0.00 ;843.00 
2025001;0336;PU10020000;7410110620.00 ;7410110620.00 ;7462953398.12 ;57139.70 ;0.00 ;0.00 
2025001;0336;PU10030000;215578453.00 ;215578453.00 ;216353667.17 ;1744404.31 ;0.00 ;49328.90 
2025001;0336;PU10040000;4304015114.00 ;4304015114.00 ;4304015114.00 ;0.00 ;0.00 ;0.00 
2025001;0336;PU10050000;2240935134.00 ;2240935134.00 ;2240935134.00 ;0.00 ;0.00 ;0.00 
2025001;0336;PU10060000;8312000597.00 ;8312000597.00 ;8335027289.42 ;61350.00 ;0.00 ;0.00 
2025001;0336;PU10080000;0.00 ;0.00 ;0.00 ;0.00 ;0.00 ;0.00 
2025001;0336;PU10080100;0.00 ;0.00 ;0.00 ;0.00 ;0.00 ;0.00 
2025001;0336;PU10080101;0.00 ;0.00 ;0.00 ;0.00 ;0.00 ;0.00 
0000000;0336;PU10080102;0.00 ;0.00 ;0.00 ;0.00 ;0.00 ;0.00 
0000000;0336;PU10080200;0.00 ;0.00 ;0.00 ;0.00 ;0.00 ;0.00 
0000000;0336;PU10090000;0.00 ;0.00 ;0.00 ;0.00 ;0.00 ;0.00 
2025001;0336;PU10110000;0.00 ;0.00 ;0.00 ;0.00 ;0.00 ;0.00 
0000000;0336;PU10140000;0.00 ;0.00 ;0.00 ;0.00 ;0.00 ;0.00 
2025001;0336;PU10150000;10045000.00 ;10045000.00 ;10775662.60 ;12563.96 ;0.00 ;0.00 
2025001;0336;PU10160000;3965000.00 ;3965000.00 ;5337845.62 ;63000.00 ;0.00 ;0.00 
2025001;0336;PU10180000;150000.00 ;150000.00 ;150000.00 ;0.00 ;0.00 ;0.00 
2025001;0336;PU10200000;89131637.00 ;89131637.00 ;120720176.54 ;17110.20 ;0.00 ;0.00 
2025001;0336;PU10200100;32438735.00 ;32438735.00 ;55248201.54 ;3980.69 ;0.00 ;0.00 
2025001;0336;PU10200200;56692902.00 ;56692902.00 ;65471975.00 ;13129.51 ;0.00 ;0.00 
2025001;0336;PU10220000;0.00 ;0.00 ;1286434.70 ;20000.00 ;0.00 ;20000.00 
2025001;0336;PU10220100;0.00 ;0.00 ;0.00 ;0.00 ;0.00 ;0.00 
2025001;0336;PU10220200;0.00 ;0.00 ;1286434.70 ;20000.00 ;0.00 ;20000.00 
2025001;0336;PU10230000;1137351299.00 ;1137351299.00 ;1190462651.28 ;979074.16 ;0.00 ;0.00 
2025001;0336;PU10240000;260870794.00 ;260870794.00 ;262598702.00 ;0.00 ;0.00 ;0.00 
0000000;0336;PU10250000;0.00 ;0.00 ;0.00 ;0.00 ;0.00 ;0.00 
2025001;0336;SU1010000000;1234420000.00 ;1234420000.00 ;0.00 ;127381773.63 ;0.00 ;0.00 
2025001;0336;SU1020000000;1491544340.00 ;1491544340.00 ;0.00 ;117362785.00 ;0.00 ;0.00 
2025001;0336;SU1020010000;1299841150.00 ;1299841150.00 ;0.00 ;102594698.88 ;0.00 ;0.00 
2025001;0336;SU1020020000;191703190.00 ;191703190.00 ;0.00 ;14768086.12 ;0.00 ;0.00 
2025001;0336;SU1030000000;998104902.00 ;998104902.00 ;0.00 ;201743391.78 ;54769857.71 ;0.00 
2025001;0336;SU1030010000;56692902.00 ;56692902.00 ;0.00 ;0.00 ;0.00 ;0.00 
0000000;0336;SU1030030000;0.00 ;0.00 ;0.00 ;0.00 ;0.00 ;0.00 
2025001;0336;SU1030040000;941412000.00 ;941412000.00 ;0.00 ;201743391.78 ;54769857.71 ;0.00 
2025001;0336;SU5010000000;24803912339.00 ;24851737268.00 ;25535996716.01 ;536990846.19 ;0.00 ;69915615.78 
2025001;0336;SU5010010000;6440023566.00 ;6440023566.00 ;6450407544.66 ;236500.00 ;0.00 ;0.00 
2025001;0336;SU5010020000;2240935134.00 ;2240935134.00 ;2240935134.00 ;0.00 ;0.00 ;0.00 
2025001;0336;SU5010030000;16122953639.00 ;16170778568.00 ;16844654037.35 ;536754346.19 ;0.00 ;69915615.78 
2025001;0336;SU5020000000;14607127560.00 ;14606466269.00 ;14607607987.76 ;508023779.58 ;101498.50 ;0.00 
2025001;0336;SU5020010000;1217648000.00 ;1217648000.00 ;1217648000.00 ;102116830.07 ;0.00 ;0.00 
2025001;0336;SU5020020000;1344500000.00 ;1344500000.00 ;1344500000.00 ;105410442.00 ;0.00 ;0.00 
2025001;0336;SU5020030000;12044979560.00 ;12044318269.00 ;12045459987.76 ;300496507.51 ;101498.50 ;0.00 
2025001;0343;PU10010000;80134186.00 ;80134186.00 ;80134186.00 ;2552.00-;0.00 ;0.00 
2025001;0343;PU10020000;27085356.00 ;27085356.00 ;27085356.00 ;0.00 ;0.00 ;0.00 
2025001;0343;PU10030000;782432.00 ;782432.00 ;782432.00 ;0.00 ;0.00 ;0.00 
2025001;0343;PU10050000;7164000.00 ;7164000.00 ;7164000.00 ;0.00 ;0.00 ;0.00 
2025001;0343;PU10060000;10132739.00 ;10132739.00 ;10132739.00 ;0.00 ;0.00 ;0.00 
0000000;0343;PU10200000;0.00 ;0.00 ;0.00 ;0.00 ;0.00 ;0.00 
0000000;0343;PU10200100;0.00 ;0.00 ;0.00 ;0.00 ;0.00 ;0.00 
0000000;0343;PU10200200;0.00 ;0.00 ;0.00 ;0.00 ;0.00 ;0.00 
2025001;0343;PU10230000;22000000.00 ;22000000.00 ;22000000.00 ;0.00 ;0.00 ;0.00 
2025001;0343;PU10240000;60946535.00 ;60946535.00 ;60946535.00 ;2552.00-;0.00 ;0.00 
0000000;0343;SU1010000000;0.00 ;0.00 ;0.00 ;0.00 ;0.00 ;0.00 
2025001;0343;SU1030000000;1000000.00 ;1000000.00 ;0.00 ;419255.57 ;0.00 ;0.00 
0000000;0343;SU1030010000;0.00 ;0.00 ;0.00 ;0.00 ;0.00 ;0.00 
2025001;0343;SU1030040000;1000000.00 ;1000000.00 ;0.00 ;419255.57 ;0.00 ;0.00 
2025001;0343;SU5010000000;209085181.00 ;209085181.00 ;209085181.00 ;978376.27 ;0.00 ;0.00 
2025001;0344;PU10010000;129984417.00 ;129984417.00 ;129984417.00 ;45957.00-;0.00 ;0.00 
2025001;0344;PU10020000;43934733.00 ;43934733.00 ;43934733.00 ;15535.00-;0.00 ;0.00 
2025001;0344;PU10030000;1291204.00 ;1291204.00 ;1291204.00 ;458.65-;0.00 ;0.00 
2025001;0344;PU10060000;17660984.00 ;17660984.00 ;17660984.00 ;22430.00-;0.00 ;0.00 
0000000;0344;PU10180000;0.00 ;0.00 ;0.00 ;0.00 ;0.00 ;0.00 
2025001;0344;PU10200000;16546501.00 ;16546501.00 ;16546501.00 ;156752.27 ;0.00 ;0.00 
2025001;0344;PU10200100;2246501.00 ;2246501.00 ;2246501.00 ;15675.22 ;0.00 ;0.00 
2025001;0344;PU10200200;14300000.00 ;14300000.00 ;14300000.00 ;141077.05 ;0.00 ;0.00 
2025001;0344;PU10230000;11271500.00 ;11271500.00 ;11271500.00 ;0.00 ;0.00 ;0.00 
2025001;0344;PU10240000;111459251.00 ;111459251.00 ;111459251.00 ;23527.00-;0.00 ;0.00 
2025001;0344;SU1010000000;80000000.00 ;80000000.00 ;0.00 ;6754850.00 ;0.00 ;0.00 
2025001;0344;SU1030000000;208900000.00 ;208900000.00 ;0.00 ;32592734.40 ;26639.94 ;0.00 
2025001;0344;SU1030010000;14300000.00 ;14300000.00 ;0.00 ;5708783.08 ;0.00 ;0.00 
2025001;0344;SU1030040000;194600000.00 ;194600000.00 ;0.00 ;26883951.32 ;26639.94 ;0.00 
2025001;0344;SU5010000000;238707009.00 ;238707009.00 ;238733358.26 ;3175217.74 ;0.00 ;0.00 
2025001;0345;PU10010000;712000842.00 ;710946802.00 ;735541417.00 ;0.00 ;0.00 ;0.00 
2025001;0345;PU10020000;240656285.00 ;240296639.00 ;291807393.59 ;0.00 ;0.00 ;0.00 
2025001;0345;PU10030000;6803289.00 ;6792648.00 ;7246677.42 ;0.00 ;0.00 ;0.00 
2025001;0345;PU10050000;3232800.00 ;3232800.00 ;3665092.00 ;0.00 ;0.00 ;0.00 
2025001;0345;PU10060000;72608125.00 ;72608125.00 ;73762556.00 ;0.00 ;0.00 ;0.00 
0000000;0345;PU10180000;0.00 ;0.00 ;0.00 ;0.00 ;0.00 ;0.00 
2025001;0345;PU10200000;219363119.00 ;219363119.00 ;346127185.59 ;2588372.50 ;0.00 ;1493.00 
2025001;0345;PU10200100;39210194.00 ;39210194.00 ;60614831.69 ;446701.50 ;0.00 ;0.00 
2025001;0345;PU10200200;180152925.00 ;180152925.00 ;285512353.90 ;2141671.00 ;0.00 ;1493.00 
0000000;0345;PU10220000;0.00 ;0.00 ;0.00 ;0.00 ;0.00 ;0.00 
0000000;0345;PU10220100;0.00 ;0.00 ;0.00 ;0.00 ;0.00 ;0.00 
0000000;0345;PU10220200;0.00 ;0.00 ;0.00 ;0.00 ;0.00 ;0.00 
2025001;0345;PU10230000;212584477.00 ;212584477.00 ;355742035.11 ;2573851.50 ;0.00 ;0.00 
2025001;0345;PU10240000;604487917.00 ;603423877.00 ;607662623.00 ;0.00 ;0.00 ;0.00 
0000000;0345;SU1010000000;0.00 ;0.00 ;0.00 ;0.00 ;0.00 ;0.00 
2025001;0345;SU1030000000;181552925.00 ;181552925.00 ;0.00 ;35655608.11 ;256303.92 ;0.00 
2025001;0345;SU1030010000;180152925.00 ;180152925.00 ;0.00 ;35281905.62 ;201075.12 ;0.00 
0000000;0345;SU1030030000;0.00 ;0.00 ;0.00 ;0.00 ;0.00 ;0.00 
2025001;0345;SU1030040000;1400000.00 ;1400000.00 ;0.00 ;373702.49 ;55228.80 ;0.00 
2025001;0345;SU5010000000;1368553299.00 ;1329737772.00 ;1660808439.56 ;13686600.02 ;0.00 ;885247.82 
2025001;0345;SU5010010000;5000000.00 ;5618800.00 ;11791981.47 ;1416.00 ;0.00 ;0.00 
2025001;0345;SU5010020000;0.00 ;0.00 ;105047523.72 ;643628.82 ;0.00 ;643628.82 
2025001;0345;SU5010030000;1363553299.00 ;1324118972.00 ;1543968934.37 ;13041555.20 ;0.00 ;241619.00 
2025001;0346;PU10010000;2486953252.00 ;2486953252.00 ;2488634160.00 ;22049.00 ;0.00 ;0.00 
2025001;0346;PU10020000;840590200.00 ;840590200.00 ;841096529.00 ;56822.00 ;0.00 ;0.00 
2025001;0346;PU10030000;24836214.00 ;24836214.00 ;24842048.73 ;228472.00 ;0.00 ;556.00 
2025001;0346;PU10060000;156770710.00 ;156770710.00 ;158034924.00 ;3539.00 ;0.00 ;0.00 
2025001;0346;PU10080000;13553409.00 ;13553409.00 ;13553409.00 ;0.00 ;0.00 ;0.00 
2025001;0346;PU10080100;13553409.00 ;13553409.00 ;13553409.00 ;0.00 ;0.00 ;0.00 
2025001;0346;PU10080101;13553409.00 ;13553409.00 ;13553409.00 ;0.00 ;0.00 ;0.00 
0000000;0346;PU10080102;0.00 ;0.00 ;0.00 ;0.00 ;0.00 ;0.00 
0000000;0346;PU10080200;0.00 ;0.00 ;0.00 ;0.00 ;0.00 ;0.00 
0000000;0346;PU10090000;0.00 ;0.00 ;0.00 ;0.00 ;0.00 ;0.00 
2025001;0346;PU10110000;13553409.00 ;13553409.00 ;13553409.00 ;0.00 ;0.00 ;0.00 
0000000;0346;PU10180000;0.00 ;0.00 ;0.00 ;0.00 ;0.00 ;0.00 
2025001;0346;PU10200000;39456525.00 ;39456525.00 ;39456525.00 ;0.00 ;0.00 ;0.00 
2025001;0346;PU10200100;10449290.00 ;10449290.00 ;10449290.00 ;0.00 ;0.00 ;0.00 
2025001;0346;PU10200200;29007235.00 ;29007235.00 ;29007235.00 ;0.00 ;0.00 ;0.00 
0000000;0346;PU10220000;0.00 ;0.00 ;0.00 ;0.00 ;0.00 ;0.00 
0000000;0346;PU10220100;0.00 ;0.00 ;0.00 ;0.00 ;0.00 ;0.00 
0000000;0346;PU10220200;0.00 ;0.00 ;0.00 ;0.00 ;0.00 ;0.00 
2025001;0346;PU10230000;217756342.00 ;217756342.00 ;236186765.32 ;3021067.50 ;0.00 ;2700175.50 
2025001;0346;PU10240000;2326850633.00 ;2326850633.00 ;2327081256.00 ;18508.00 ;0.00 ;0.00 
0000000;0346;PU10250000;0.00 ;0.00 ;0.00 ;0.00 ;0.00 ;0.00 
2025001;0346;SU1010000000;1150000000.00 ;1150000000.00 ;0.00 ;102102083.00 ;0.00 ;0.00 
2025001;0346;SU1030000000;299007235.00 ;299007235.00 ;0.00 ;34419512.60 ;0.00 ;0.00 
2025001;0346;SU1030010000;29007235.00 ;29007235.00 ;0.00 ;0.00 ;0.00 ;0.00 
0000000;0346;SU1030030000;0.00 ;0.00 ;0.00 ;0.00 ;0.00 ;0.00 
2025001;0346;SU1030040000;270000000.00 ;270000000.00 ;0.00 ;34419512.60 ;0.00 ;0.00 
2025001;0346;SU5010000000;4253606104.00 ;4252930804.00 ;4276528813.71 ;48949581.91 ;0.00 ;2837681.42 
2025001;0348;PU10010000;120365636.00 ;120365636.00 ;120365636.00 ;0.00 ;0.00 ;0.00 
2025001;0348;PU10020000;40683585.00 ;40683585.00 ;40683585.00 ;0.00 ;0.00 ;0.00 
2025001;0348;PU10030000;1202718.00 ;1202718.00 ;1202718.00 ;0.00 ;0.00 ;0.00 
2025001;0348;PU10060000;24094193.00 ;24094193.00 ;24094193.00 ;0.00 ;0.00 ;0.00 
0000000;0348;PU10180000;0.00 ;0.00 ;0.00 ;0.00 ;0.00 ;0.00 
0000000;0348;PU10200000;0.00 ;0.00 ;0.00 ;0.00 ;0.00 ;0.00 
0000000;0348;PU10200100;0.00 ;0.00 ;0.00 ;0.00 ;0.00 ;0.00 
0000000;0348;PU10200200;0.00 ;0.00 ;0.00 ;0.00 ;0.00 ;0.00 
2025001;0348;PU10230000;14236595.00 ;14236595.00 ;14538432.89 ;354941.57 ;0.00 ;216871.69 
2025001;0348;PU10240000;96177630.00 ;96177630.00 ;96177630.00 ;0.00 ;0.00 ;0.00 
2025001;0348;SU1010000000;260150000.00 ;260150000.00 ;0.00 ;80710.00 ;0.00 ;0.00 
2025001;0348;SU1030000000;2231000.00 ;2231000.00 ;0.00 ;83832.11 ;0.00 ;0.00 
0000000;0348;SU1030010000;0.00 ;0.00 ;0.00 ;0.00 ;0.00 ;0.00 
2025001;0348;SU1030040000;2231000.00 ;2231000.00 ;0.00 ;83832.11 ;0.00 ;0.00 
2025001;0348;SU5010000000;192291977.00 ;192291977.00 ;192623014.89 ;1173475.20 ;0.00 ;241071.69 
2025001;0349;PU10010000;200583936.00 ;200583936.00 ;200583936.00 ;0.00 ;0.00 ;0.00 
2025001;0349;PU10020000;67797370.00 ;67797370.00 ;67797370.00 ;0.00 ;0.00 ;0.00 
2025001;0349;PU10030000;1982684.00 ;1982684.00 ;1982684.00 ;0.00 ;0.00 ;0.00 
2025001;0349;PU10050000;11095200.00 ;11095200.00 ;11095200.00 ;0.00 ;0.00 ;0.00 
2025001;0349;PU10060000;27945304.00 ;27945304.00 ;27945304.00 ;0.00 ;0.00 ;0.00 
0000000;0349;PU10180000;0.00 ;0.00 ;0.00 ;0.00 ;0.00 ;0.00 
2025001;0349;PU10200000;6177383.00 ;6177383.00 ;11518383.00 ;0.00 ;0.00 ;0.00 
2025001;0349;PU10200100;0.00 ;0.00 ;5341000.00 ;0.00 ;0.00 ;0.00 
2025001;0349;PU10200200;6177383.00 ;6177383.00 ;6177383.00 ;0.00 ;0.00 ;0.00 
2025001;0349;PU10230000;16777383.00 ;16777383.00 ;22508383.00 ;0.00 ;0.00 ;0.00 
2025001;0349;PU10240000;159227908.00 ;159227908.00 ;159227908.00 ;0.00 ;0.00 ;0.00 
2025001;0349;SU1010000000;465241600.00 ;465241600.00 ;0.00 ;24131819.00 ;0.00 ;0.00 
2025001;0349;SU1030000000;26177383.00 ;26177383.00 ;0.00 ;500294.29 ;0.00 ;0.00 
2025001;0349;SU1030010000;6177383.00 ;6177383.00 ;0.00 ;0.00 ;0.00 ;0.00 
2025001;0349;SU1030040000;20000000.00 ;20000000.00 ;0.00 ;500294.29 ;0.00 ;0.00 
2025001;0349;SU5010000000;360595836.00 ;360595836.00 ;367707736.00 ;5216314.57 ;0.00 ;0.00 
2025001;0353;PU10010000;179277163.00 ;179277163.00 ;182752843.00 ;0.00 ;0.00 ;0.00 
2025001;0353;PU10020000;60595681.00 ;60595681.00 ;61770463.00 ;0.00 ;0.00 ;0.00 
2025001;0353;PU10030000;1769740.00 ;1769740.00 ;1804498.00 ;0.00 ;0.00 ;0.00 
2025001;0353;PU10050000;11224800.00 ;11224800.00 ;11224800.00 ;0.00 ;0.00 ;0.00 
2025001;0353;PU10060000;23778080.00 ;23778080.00 ;24997760.00 ;0.00 ;0.00 ;0.00 
0000000;0353;PU10180000;0.00 ;0.00 ;0.00 ;0.00 ;0.00 ;0.00 
0000000;0353;PU10200000;0.00 ;0.00 ;0.00 ;0.00 ;0.00 ;0.00 
0000000;0353;PU10200100;0.00 ;0.00 ;0.00 ;0.00 ;0.00 ;0.00 
0000000;0353;PU10200200;0.00 ;0.00 ;0.00 ;0.00 ;0.00 ;0.00 
2025001;0353;PU10230000;54000000.00 ;54000000.00 ;54000000.00 ;1543389.10 ;0.00 ;0.00 
2025001;0353;PU10240000;141971101.00 ;141971101.00 ;144227101.00 ;0.00 ;0.00 ;0.00 
2025001;0353;SU1010000000;4100000.00 ;4100000.00 ;0.00 ;300000.00 ;0.00 ;0.00 
2025001;0353;SU1030000000;8000000.00 ;8000000.00 ;0.00 ;948025.48 ;0.00 ;0.00 
0000000;0353;SU1030010000;0.00 ;0.00 ;0.00 ;0.00 ;0.00 ;0.00 
2025001;0353;SU1030040000;8000000.00 ;8000000.00 ;0.00 ;948025.48 ;0.00 ;0.00 
2025001;0353;SU5010000000;325877462.00 ;325877462.00 ;332023493.00 ;4773674.22 ;0.00 ;0.00 
2025001;0355;PU10010000;126618333.00 ;126618333.00 ;126618333.00 ;28316.00 ;0.00 ;0.00 
2025001;0355;PU10020000;42694410.00 ;42694410.00 ;42694410.00 ;1915.00 ;0.00 ;0.00 
2025001;0355;PU10030000;1216098.00 ;1216098.00 ;1216098.00 ;49850.00 ;0.00 ;0.00 
2025001;0355;PU10060000;84841684.00 ;84841684.00 ;84841684.00 ;19228.00 ;0.00 ;0.00 
2025001;0355;PU10080000;0.00 ;0.00 ;0.00 ;0.00 ;0.00 ;0.00 
2025001;0355;PU10080100;0.00 ;0.00 ;0.00 ;0.00 ;0.00 ;0.00 
0000000;0355;PU10080101;0.00 ;0.00 ;0.00 ;0.00 ;0.00 ;0.00 
2025001;0355;PU10080102;0.00 ;0.00 ;0.00 ;0.00 ;0.00 ;0.00 
0000000;0355;PU10080200;0.00 ;0.00 ;0.00 ;0.00 ;0.00 ;0.00 
2025001;0355;PU10090000;0.00 ;0.00 ;0.00 ;0.00 ;0.00 ;0.00 
0000000;0355;PU10140000;0.00 ;0.00 ;0.00 ;0.00 ;0.00 ;0.00 
2025001;0355;PU10200000;0.00 ;0.00 ;0.00 ;0.00 ;0.00 ;0.00 
0000000;0355;PU10200100;0.00 ;0.00 ;0.00 ;0.00 ;0.00 ;0.00 
2025001;0355;PU10200200;0.00 ;0.00 ;0.00 ;0.00 ;0.00 ;0.00 
0000000;0355;PU10220000;0.00 ;0.00 ;0.00 ;0.00 ;0.00 ;0.00 
0000000;0355;PU10220100;0.00 ;0.00 ;0.00 ;0.00 ;0.00 ;0.00 
0000000;0355;PU10220200;0.00 ;0.00 ;0.00 ;0.00 ;0.00 ;0.00 
2025001;0355;PU10230000;7500000.00 ;7500000.00 ;7500000.00 ;0.00 ;0.00 ;0.00 
2025001;0355;PU10240000;36767997.00 ;36767997.00 ;36767997.00 ;0.00 ;0.00 ;0.00 
0000000;0355;SU1010000000;0.00 ;0.00 ;0.00 ;0.00 ;0.00 ;0.00 
2025001;0355;SU1030000000;0.00 ;0.00 ;0.00 ;78405.66 ;50000.00 ;0.00 
0000000;0355;SU1030010000;0.00 ;0.00 ;0.00 ;0.00 ;0.00 ;0.00 
0000000;0355;SU1030030000;0.00 ;0.00 ;0.00 ;0.00 ;0.00 ;0.00 
2025001;0355;SU1030040000;0.00 ;0.00 ;0.00 ;78405.66 ;50000.00 ;0.00 
2025001;0355;SU5010000000;125958475.00 ;125958475.00 ;125958475.00 ;781058.88 ;0.00 ;0.00 
2025001;0355;SU5020000000;96005393.00 ;96005393.00 ;96005393.00 ;728242.40 ;0.00 ;0.00 
2025001;0358;PU10010000;136165869.00 ;136165869.00 ;136165869.00 ;0.00 ;0.00 ;0.00 
2025001;0358;PU10020000;46024065.00 ;46024065.00 ;46024065.00 ;0.00 ;0.00 ;0.00 
2025001;0358;PU10030000;1352048.00 ;1352048.00 ;1352048.00 ;0.00 ;0.00 ;0.00 
2025001;0358;PU10060000;84593669.00 ;84593669.00 ;84593669.00 ;0.00 ;0.00 ;0.00 
2025001;0358;PU10230000;14480332.00 ;14480332.00 ;24764861.54 ;1242033.33 ;0.00 ;1235499.33 
0000000;0358;PU10240000;0.00 ;0.00 ;0.00 ;0.00 ;0.00 ;0.00 
0000000;0358;SU1010000000;0.00 ;0.00 ;0.00 ;0.00 ;0.00 ;0.00 
2025001;0358;SU1030000000;0.00 ;0.00 ;0.00 ;100123.00 ;0.00 ;0.00 
2025001;0358;SU1030040000;0.00 ;0.00 ;0.00 ;100123.00 ;0.00 ;0.00 
2025001;0358;SU5010000000;244174723.00 ;244174723.00 ;274973282.36 ;5748476.37 ;0.00 ;2131695.22 
2025001;0358;SU5010010000;50611200.00 ;50611200.00 ;50611200.00 ;0.00 ;0.00 ;0.00 
2025001;0358;SU5010030000;193563523.00 ;193563523.00 ;224362082.36 ;5748476.37 ;0.00 ;2131695.22 
2025001;0359;PU10010000;15302640.00 ;15302640.00 ;17799145.00 ;23678.00 ;0.00 ;0.00 
2025001;0359;PU10020000;5172293.00 ;5172293.00 ;6158330.00 ;8003.00 ;0.00 ;0.00 
2025001;0359;PU10030000;84263.00 ;84263.00 ;97370.95 ;236.78 ;0.00 ;0.00 
0000000;0359;PU10050000;0.00 ;0.00 ;0.00 ;0.00 ;0.00 ;0.00 
2025001;0359;PU10060000;8376240.00 ;8376240.00 ;10210425.00 ;23678.00 ;0.00 ;0.00 
0000000;0359;PU10180000;0.00 ;0.00 ;0.00 ;0.00 ;0.00 ;0.00 
0000000;0359;PU10200000;0.00 ;0.00 ;0.00 ;0.00 ;0.00 ;0.00 
0000000;0359;PU10200100;0.00 ;0.00 ;0.00 ;0.00 ;0.00 ;0.00 
0000000;0359;PU10200200;0.00 ;0.00 ;0.00 ;0.00 ;0.00 ;0.00 
2025001;0359;PU10230000;1100000.00 ;1100000.00 ;1100000.00 ;0.00 ;0.00 ;0.00 
0000000;0359;PU10240000;0.00 ;0.00 ;0.00 ;0.00 ;0.00 ;0.00 
0000000;0359;SU1010000000;0.00 ;0.00 ;0.00 ;0.00 ;0.00 ;0.00 
2025001;0359;SU1030000000;0.00 ;0.00 ;0.00 ;6256.00 ;0.00 ;0.00 
0000000;0359;SU1030010000;0.00 ;0.00 ;0.00 ;0.00 ;0.00 ;0.00 
2025001;0359;SU1030040000;0.00 ;0.00 ;0.00 ;6256.00 ;0.00 ;0.00 
2025001;0359;SU5010000000;27194002.00 ;27194002.00 ;33729170.52 ;718720.15 ;0.00 ;11398.00 
2025001;0361;PU10010000;55450356.00 ;55450356.00 ;55585370.00 ;0.00 ;0.00 ;0.00 
2025001;0361;PU10020000;18742220.00 ;18742220.00 ;18807257.00 ;0.00 ;0.00 ;0.00 
2025001;0361;PU10030000;457385.00 ;457385.00 ;534201.00 ;0.00 ;0.00 ;0.00 
2025001;0361;PU10060000;45738616.00 ;45738616.00 ;45747567.00 ;0.00 ;0.00 ;0.00 
2025001;0361;PU10080000;7952432643.00 ;7952432643.00 ;7954169906.11 ;1792129671.23 ;0.00 ;0.00 
2025001;0361;PU10080100;7952170393.00 ;7952170393.00 ;7953907656.11 ;1792129671.23 ;0.00 ;0.00 
2025001;0361;PU10080101;7952170393.00 ;7952170393.00 ;7953907656.11 ;1792129671.23 ;0.00 ;0.00 
0000000;0361;PU10080102;0.00 ;0.00 ;0.00 ;0.00 ;0.00 ;0.00 
2025001;0361;PU10080200;262250.00 ;262250.00 ;262250.00 ;0.00 ;0.00 ;0.00 
0000000;0361;PU10090000;0.00 ;0.00 ;0.00 ;0.00 ;0.00 ;0.00 
2025001;0361;PU10110000;5925722028.00 ;5925722028.00 ;5925722028.00 ;1791137007.00 ;0.00 ;0.00 
2025001;0361;PU10200000;2618500.00 ;2618500.00 ;2618500.00 ;0.00 ;0.00 ;0.00 
2025001;0361;PU10200100;2356250.00 ;2356250.00 ;2356250.00 ;0.00 ;0.00 ;0.00 
2025001;0361;PU10200200;262250.00 ;262250.00 ;262250.00 ;0.00 ;0.00 ;0.00 
0000000;0361;PU10220000;0.00 ;0.00 ;0.00 ;0.00 ;0.00 ;0.00 
0000000;0361;PU10220100;0.00 ;0.00 ;0.00 ;0.00 ;0.00 ;0.00 
0000000;0361;PU10220200;0.00 ;0.00 ;0.00 ;0.00 ;0.00 ;0.00 
0000000;0361;PU10240000;0.00 ;0.00 ;0.00 ;0.00 ;0.00 ;0.00 
2025001;0361;SU1010000000;0.00 ;0.00 ;0.00 ;9000.00 ;0.00 ;0.00 
2025001;0361;SU1030000000;262250.00 ;262250.00 ;0.00 ;90534.07 ;0.00 ;0.00 
2025001;0361;SU1030010000;262250.00 ;262250.00 ;0.00 ;0.00 ;0.00 ;0.00 
0000000;0361;SU1030030000;0.00 ;0.00 ;0.00 ;0.00 ;0.00 ;0.00 
2025001;0361;SU1030040000;0.00 ;0.00 ;0.00 ;90534.07 ;0.00 ;0.00 
2025001;0361;SU5010000000;7952432643.00 ;7952432643.00 ;7954169906.11 ;1792129671.23 ;0.00 ;0.00 
0000000;0361;SU5020000000;0.00 ;0.00 ;0.00 ;0.00 ;0.00 ;0.00 
2025001;0362;PU10010000;58785983.00 ;58785983.00 ;58785983.00 ;0.00 ;0.00 ;0.00 
2025001;0362;PU10020000;19869661.00 ;19869661.00 ;19869661.00 ;0.00 ;0.00 ;0.00 
2025001;0362;PU10030000;508112.00 ;508112.00 ;508112.00 ;0.00 ;0.00 ;0.00 
0000000;0362;PU10050000;0.00 ;0.00 ;0.00 ;0.00 ;0.00 ;0.00 
2025001;0362;PU10060000;6272706.00 ;6272706.00 ;6272706.00 ;0.00 ;0.00 ;0.00 
0000000;0362;PU10180000;0.00 ;0.00 ;0.00 ;0.00 ;0.00 ;0.00 
0000000;0362;PU10200000;0.00 ;0.00 ;0.00 ;0.00 ;0.00 ;0.00 
0000000;0362;PU10200100;0.00 ;0.00 ;0.00 ;0.00 ;0.00 ;0.00 
0000000;0362;PU10200200;0.00 ;0.00 ;0.00 ;0.00 ;0.00 ;0.00 
2025001;0362;PU10230000;1340000000.00 ;1340000000.00 ;1340000000.00 ;7520150.00 ;0.00 ;0.00 
2025001;0362;PU10240000;44538477.00 ;44538477.00 ;44538477.00 ;0.00 ;0.00 ;0.00 
0000000;0362;SU1010000000;0.00 ;0.00 ;0.00 ;0.00 ;0.00 ;0.00 
2025001;0362;SU1030000000;8000000.00 ;8000000.00 ;0.00 ;4650.00 ;0.00 ;0.00 
0000000;0362;SU1030010000;0.00 ;0.00 ;0.00 ;0.00 ;0.00 ;0.00 
2025001;0362;SU1030040000;8000000.00 ;8000000.00 ;0.00 ;4650.00 ;0.00 ;0.00 
2025001;0362;SU5010000000;172301945.00 ;172301945.00 ;172301945.00 ;11799721.03 ;0.00 ;0.00 
2025001;0362;SU5020000000;7736693798.00 ;7736693798.00 ;7736693798.00 ;0.00 ;0.00 ;0.00 
2025001;0362;SU5020010000;4916693798.00 ;4916693798.00 ;4916693798.00 ;0.00 ;0.00 ;0.00 
2025001;0362;SU5020020000;2283000000.00 ;2283000000.00 ;2283000000.00 ;0.00 ;0.00 ;0.00 
2025001;0362;SU5020030000;537000000.00 ;537000000.00 ;537000000.00 ;0.00 ;0.00 ;0.00 
2025001;0364;PU10010000;365737994.00 ;366802034.00 ;366802034.00 ;21120.00 ;0.00 ;0.00 
2025001;0364;PU10020000;123450443.00 ;123810089.00 ;123810089.00 ;10559.00 ;0.00 ;0.00 
2025001;0364;PU10030000;3031610.00 ;3042251.00 ;3042251.00 ;141.00 ;0.00 ;0.00 
0000000;0364;PU10050000;0.00 ;0.00 ;0.00 ;0.00 ;0.00 ;0.00 
2025001;0364;PU10060000;57540046.00 ;57540046.00 ;57540046.00 ;70.00 ;0.00 ;0.00 
0000000;0364;PU10080000;0.00 ;0.00 ;0.00 ;0.00 ;0.00 ;0.00 
0000000;0364;PU10080100;0.00 ;0.00 ;0.00 ;0.00 ;0.00 ;0.00 
0000000;0364;PU10080101;0.00 ;0.00 ;0.00 ;0.00 ;0.00 ;0.00 
0000000;0364;PU10080102;0.00 ;0.00 ;0.00 ;0.00 ;0.00 ;0.00 
0000000;0364;PU10080200;0.00 ;0.00 ;0.00 ;0.00 ;0.00 ;0.00 
0000000;0364;PU10090000;0.00 ;0.00 ;0.00 ;0.00 ;0.00 ;0.00 
0000000;0364;PU10110000;0.00 ;0.00 ;0.00 ;0.00 ;0.00 ;0.00 
0000000;0364;PU10180000;0.00 ;0.00 ;0.00 ;0.00 ;0.00 ;0.00 
2025001;0364;PU10200000;731690865.00 ;731690865.00 ;731713503.00 ;2823797.49 ;0.00 ;0.00 
2025001;0364;PU10200100;89000000.00 ;89000000.00 ;89022638.00 ;512718.56 ;0.00 ;0.00 
2025001;0364;PU10200200;642690865.00 ;642690865.00 ;642690865.00 ;2311078.93 ;0.00 ;0.00 
0000000;0364;PU10220000;0.00 ;0.00 ;0.00 ;0.00 ;0.00 ;0.00 
0000000;0364;PU10220100;0.00 ;0.00 ;0.00 ;0.00 ;0.00 ;0.00 
0000000;0364;PU10220200;0.00 ;0.00 ;0.00 ;0.00 ;0.00 ;0.00 
2025001;0364;PU10230000;928227522.00 ;958227522.00 ;958227522.00 ;1945227.38 ;0.00 ;0.00 
2025001;0364;PU10240000;233654143.00 ;234718183.00 ;234718183.00 ;14030.00 ;0.00 ;0.00 
0000000;0364;PU10250000;0.00 ;0.00 ;0.00 ;0.00 ;0.00 ;0.00 
2025001;0364;SU1010000000;500000.00 ;500000.00 ;0.00 ;500.00 ;0.00 ;0.00 
2025001;0364;SU1030000000;642690865.00 ;642690865.00 ;0.00 ;2000.00 ;0.00 ;0.00 
2025001;0364;SU1030010000;642690865.00 ;642690865.00 ;0.00 ;0.00 ;0.00 ;0.00 
0000000;0364;SU1030030000;0.00 ;0.00 ;0.00 ;0.00 ;0.00 ;0.00 
2025001;0364;SU1030040000;0.00 ;0.00 ;0.00 ;2000.00 ;0.00 ;0.00 
2025001;0364;SU5010000000;2866913683.00 ;3452023310.00 ;3452045948.00 ;66229045.76 ;0.00 ;0.00 
2025001;0371;PU10010000;19462623.00 ;19462623.00 ;19462623.00 ;0.00 ;0.00 ;0.00 
2025001;0371;PU10020000;6578366.00 ;6578366.00 ;6578366.00 ;0.00 ;0.00 ;0.00 
2025001;0371;PU10030000;187625.00 ;187625.00 ;187625.00 ;0.00 ;0.00 ;0.00 
2025001;0371;PU10050000;8690400.00 ;8690400.00 ;8690400.00 ;0.00 ;0.00 ;0.00 
2025001;0371;PU10060000;1904467.00 ;1904467.00 ;1904467.00 ;0.00 ;0.00 ;0.00 
0000000;0371;PU10180000;0.00 ;0.00 ;0.00 ;0.00 ;0.00 ;0.00 
0000000;0371;PU10200000;0.00 ;0.00 ;0.00 ;0.00 ;0.00 ;0.00 
0000000;0371;PU10200100;0.00 ;0.00 ;0.00 ;0.00 ;0.00 ;0.00 
0000000;0371;PU10200200;0.00 ;0.00 ;0.00 ;0.00 ;0.00 ;0.00 
2025001;0371;PU10230000;6589400.00 ;6589400.00 ;6589400.00 ;0.00 ;0.00 ;0.00 
2025001;0371;PU10240000;8167756.00 ;8167756.00 ;8167756.00 ;0.00 ;0.00 ;0.00 
0000000;0371;SU1010000000;0.00 ;0.00 ;0.00 ;0.00 ;0.00 ;0.00 
2025001;0371;SU1030000000;35000.00 ;35000.00 ;0.00 ;8753.26 ;0.00 ;0.00 
0000000;0371;SU1030010000;0.00 ;0.00 ;0.00 ;0.00 ;0.00 ;0.00 
2025001;0371;SU1030040000;35000.00 ;35000.00 ;0.00 ;8753.26 ;0.00 ;0.00 
2025001;0371;SU5010000000;35406388.00 ;35406388.00 ;35406388.00 ;621983.87 ;0.00 ;0.00 
2025001;0372;PU10010000;48661592.00 ;48661592.00 ;48661592.00 ;12000.00 ;0.00 ;0.00 
2025001;0372;PU10020000;16447618.00 ;16447618.00 ;16447618.00 ;0.00 ;0.00 ;0.00 
2025001;0372;PU10030000;284727.00 ;284727.00 ;284727.00 ;0.00 ;0.00 ;0.00 
2025001;0372;PU10060000;1995276.00 ;1995276.00 ;1995276.00 ;4000.00 ;0.00 ;0.00 
0000000;0372;PU10180000;0.00 ;0.00 ;0.00 ;0.00 ;0.00 ;0.00 
2025001;0372;PU10230000;2900000.00 ;2900000.00 ;2900000.00 ;0.00 ;0.00 ;0.00 
2025001;0372;PU10240000;26477420.00 ;26477420.00 ;26477420.00 ;8000.00 ;0.00 ;0.00 
2025001;0372;SU1010000000;3000000.00 ;3000000.00 ;0.00 ;295000.00 ;0.00 ;0.00 
2025001;0372;SU1030000000;300000.00 ;300000.00 ;0.00 ;146535.44 ;0.00 ;0.00 
2025001;0372;SU1030040000;300000.00 ;300000.00 ;0.00 ;146535.44 ;0.00 ;0.00 
2025001;0372;SU5010000000;81771808.00 ;81771808.00 ;81771808.00 ;924167.86 ;0.00 ;0.00 
2025001;0374;PU10010000;215014318.00 ;215014318.00 ;215014318.00 ;0.00 ;0.00 ;0.00 
2025001;0374;PU10020000;72674840.00 ;72674840.00 ;72674840.00 ;0.00 ;0.00 ;0.00 
2025001;0374;PU10030000;2136567.00 ;2136567.00 ;2136567.00 ;534141.00 ;0.00 ;0.00 
2025001;0374;PU10060000;119097220.00 ;119097220.00 ;119097220.00 ;0.00 ;0.00 ;0.00 
2025001;0374;PU10180000;3877215018.00 ;3877654676.00 ;7006208660.08 ;291389641.85 ;0.00 ;118060.38 
0000000;0374;PU10200000;0.00 ;0.00 ;0.00 ;0.00 ;0.00 ;0.00 
0000000;0374;PU10200100;0.00 ;0.00 ;0.00 ;0.00 ;0.00 ;0.00 
0000000;0374;PU10200200;0.00 ;0.00 ;0.00 ;0.00 ;0.00 ;0.00 
0000000;0374;PU10220000;0.00 ;0.00 ;0.00 ;0.00 ;0.00 ;0.00 
0000000;0374;PU10220100;0.00 ;0.00 ;0.00 ;0.00 ;0.00 ;0.00 
0000000;0374;PU10220200;0.00 ;0.00 ;0.00 ;0.00 ;0.00 ;0.00 
2025001;0374;PU10230000;233000000.00 ;233000000.00 ;643024731.62 ;48000.00 ;0.00 ;0.00 
2025001;0374;PU10240000;94559569.00 ;94559569.00 ;94559569.00 ;0.00 ;0.00 ;0.00 
2025001;0374;PU10250000;4072270018.00 ;4072709676.00 ;7221467507.32 ;295509206.15 ;0.00 ;118060.38 
0000000;0374;SU1010000000;0.00 ;0.00 ;0.00 ;0.00 ;0.00 ;0.00 
2025001;0374;SU1030000000;40000000.00 ;40000000.00 ;0.00 ;19087813.89 ;0.00 ;0.00 
0000000;0374;SU1030010000;0.00 ;0.00 ;0.00 ;0.00 ;0.00 ;0.00 
0000000;0374;SU1030030000;0.00 ;0.00 ;0.00 ;0.00 ;0.00 ;0.00 
2025001;0374;SU1030040000;40000000.00 ;40000000.00 ;0.00 ;19087813.89 ;0.00 ;0.00 
2025001;0374;SU5010000000;3877215018.00 ;3877654676.00 ;7006208660.08 ;291389641.85 ;0.00 ;118060.38 
2025001;0374;SU5020000000;195055000.00 ;195055000.00 ;215258847.24 ;4119564.30 ;0.00 ;0.00 
2025001;0375;PU10010000;170611915.00 ;170611915.00 ;170611915.00 ;0.00 ;0.00 ;0.00 
2025001;0375;PU10020000;57666829.00 ;57666829.00 ;57666829.00 ;0.00 ;0.00 ;0.00 
2025001;0375;PU10030000;1696120.00 ;1696120.00 ;1696120.00 ;0.00 ;0.00 ;0.00 
2025001;0375;PU10060000;15056579.00 ;15056579.00 ;15056579.00 ;0.00 ;0.00 ;0.00 
0000000;0375;PU10080000;0.00 ;0.00 ;0.00 ;0.00 ;0.00 ;0.00 
0000000;0375;PU10080100;0.00 ;0.00 ;0.00 ;0.00 ;0.00 ;0.00 
0000000;0375;PU10080101;0.00 ;0.00 ;0.00 ;0.00 ;0.00 ;0.00 
0000000;0375;PU10080102;0.00 ;0.00 ;0.00 ;0.00 ;0.00 ;0.00 
0000000;0375;PU10080200;0.00 ;0.00 ;0.00 ;0.00 ;0.00 ;0.00 
0000000;0375;PU10090000;0.00 ;0.00 ;0.00 ;0.00 ;0.00 ;0.00 
0000000;0375;PU10140000;0.00 ;0.00 ;0.00 ;0.00 ;0.00 ;0.00 
2025001;0375;PU10180000;5300000.00 ;5300000.00 ;5300000.00 ;0.00 ;0.00 ;0.00 
0000000;0375;PU10200000;0.00 ;0.00 ;0.00 ;0.00 ;0.00 ;0.00 
0000000;0375;PU10200100;0.00 ;0.00 ;0.00 ;0.00 ;0.00 ;0.00 
0000000;0375;PU10200200;0.00 ;0.00 ;0.00 ;0.00 ;0.00 ;0.00 
0000000;0375;PU10220000;0.00 ;0.00 ;0.00 ;0.00 ;0.00 ;0.00 
0000000;0375;PU10220100;0.00 ;0.00 ;0.00 ;0.00 ;0.00 ;0.00 
0000000;0375;PU10220200;0.00 ;0.00 ;0.00 ;0.00 ;0.00 ;0.00 
2025001;0375;PU10230000;252828108.00 ;252828108.00 ;252828108.00 ;7469489.71 ;0.00 ;0.00 
2025001;0375;PU10240000;153554636.00 ;153554636.00 ;153554636.00 ;0.00 ;0.00 ;0.00 
0000000;0375;PU10250000;0.00 ;0.00 ;0.00 ;0.00 ;0.00 ;0.00 
2025001;0375;SU1010000000;234961000.00 ;234961000.00 ;0.00 ;234529250.00 ;0.00 ;0.00 
2025001;0375;SU1030000000;700000.00 ;700000.00 ;0.00 ;172709.50 ;0.00 ;0.00 
0000000;0375;SU1030010000;0.00 ;0.00 ;0.00 ;0.00 ;0.00 ;0.00 
0000000;0375;SU1030030000;0.00 ;0.00 ;0.00 ;0.00 ;0.00 ;0.00 
2025001;0375;SU1030040000;700000.00 ;700000.00 ;0.00 ;172709.50 ;0.00 ;0.00 
2025001;0375;SU5010000000;544862594.00 ;544862594.00 ;544862594.00 ;10786208.51 ;0.00 ;0.00 
2025001;0376;PU10010000;282763210.00 ;282763210.00 ;282763210.00 ;0.00 ;0.00 ;0.00 
2025001;0376;PU10020000;95156872.00 ;95156872.00 ;95156872.00 ;0.00 ;0.00 ;0.00 
2025001;0376;PU10030000;2806842.00 ;2806842.00 ;2806842.00 ;0.00 ;0.00 ;0.00 
2025001;0376;PU10040000;249902768.00 ;249902768.00 ;249902768.00 ;0.00 ;0.00 ;0.00 
2025001;0376;PU10060000;30781402.00 ;30781402.00 ;30781402.00 ;0.00 ;0.00 ;0.00 
2025001;0376;PU10140000;0.00 ;0.00 ;0.00 ;0.00 ;0.00 ;0.00 
0000000;0376;PU10180000;0.00 ;0.00 ;0.00 ;0.00 ;0.00 ;0.00 
0000000;0376;PU10200000;0.00 ;0.00 ;0.00 ;0.00 ;0.00 ;0.00 
0000000;0376;PU10200100;0.00 ;0.00 ;0.00 ;0.00 ;0.00 ;0.00 
0000000;0376;PU10200200;0.00 ;0.00 ;0.00 ;0.00 ;0.00 ;0.00 
2025001;0376;PU10230000;28464000.00 ;28464000.00 ;28464000.00 ;0.00 ;0.00 ;0.00 
0000000;0376;PU10240000;0.00 ;0.00 ;0.00 ;0.00 ;0.00 ;0.00 
0000000;0376;SU1010000000;0.00 ;0.00 ;0.00 ;0.00 ;0.00 ;0.00 
2025001;0376;SU1020000000;80105952.00 ;80105952.00 ;0.00 ;5424592.00 ;0.00 ;0.00 
2025001;0376;SU1020010000;70601000.00 ;70601000.00 ;0.00 ;4797384.00 ;0.00 ;0.00 
2025001;0376;SU1020020000;9504952.00 ;9504952.00 ;0.00 ;627208.00 ;0.00 ;0.00 
2025001;0376;SU1030000000;380000.00 ;380000.00 ;0.00 ;32270.46 ;0.00 ;0.00 
0000000;0376;SU1030010000;0.00 ;0.00 ;0.00 ;0.00 ;0.00 ;0.00 
2025001;0376;SU1030040000;380000.00 ;380000.00 ;0.00 ;32270.46 ;0.00 ;0.00 
2025001;0376;SU5010000000;460615271.00 ;460615271.00 ;460615271.00 ;3136027.31 ;0.00 ;0.00 
2025001;0376;SU5020000000;114663671.00 ;114663671.00 ;114663671.00 ;0.00 ;0.00 ;0.00 
2025001;0377;PU10010000;98095468.00 ;98095468.00 ;98118406.00 ;604764.00 ;0.00 ;12791.00 
2025001;0377;PU10020000;33156268.00 ;33156268.00 ;33156268.00 ;202599.00 ;0.00 ;3431.00-
2025001;0377;PU10030000;885717.00 ;885717.00 ;885717.00 ;5764.00 ;0.00 ;104.29-
2025001;0377;PU10060000;88571633.00 ;88571633.00 ;88571633.00 ;581826.00 ;0.00 ;10147.00-
2025001;0377;PU10080000;6656635225.00 ;6656635225.00 ;6656728648.00 ;295313023.23 ;0.00 ;79740.71 
2025001;0377;PU10080100;5539006238.00 ;5539006238.00 ;5539009678.70 ;294432145.60 ;0.00 ;1388.36 
2025001;0377;PU10080101;203058020.00 ;203058020.00 ;203061460.70 ;6829962.98 ;0.00 ;1388.36 
2025001;0377;PU10080102;5335948218.00 ;5335948218.00 ;5335948218.00 ;287602182.62 ;0.00 ;0.00 
2025001;0377;PU10080200;1117628987.00 ;1117628987.00 ;1117718969.30 ;880877.63 ;0.00 ;78352.35 
2025001;0377;PU10090000;5335948218.00 ;5335948218.00 ;5335948218.00 ;287602182.62 ;0.00 ;0.00 
2025001;0377;PU10200000;1117343104.00 ;1117343104.00 ;1117343104.00 ;332057.00 ;0.00 ;0.00 
2025001;0377;PU10200100;1740075.00 ;1740075.00 ;1740075.00 ;0.00 ;0.00 ;0.00 
2025001;0377;PU10200200;1115603029.00 ;1115603029.00 ;1115603029.00 ;332057.00 ;0.00 ;0.00 
2025001;0377;PU10220000;2289421.00 ;2289421.00 ;2382844.00 ;625071.59 ;0.00 ;79740.71 
2025001;0377;PU10220100;263463.00 ;263463.00 ;266903.70 ;76250.96 ;0.00 ;1388.36 
2025001;0377;PU10220200;2025958.00 ;2025958.00 ;2115940.30 ;548820.63 ;0.00 ;78352.35 
0000000;0377;PU10240000;0.00 ;0.00 ;0.00 ;0.00 ;0.00 ;0.00 
2025001;0377;PU10250000;100000000.00 ;100000000.00 ;100000000.00 ;0.00 ;0.00 ;0.00 
0000000;0377;SU1010000000;0.00 ;0.00 ;0.00 ;0.00 ;0.00 ;0.00 
2025001;0377;SU1030000000;1117628987.00 ;1117628987.00 ;0.00 ;6324510.37 ;0.00 ;0.00 
2025001;0377;SU1030010000;1115603029.00 ;1115603029.00 ;0.00 ;0.00 ;0.00 ;0.00 
2025001;0377;SU1030030000;2025958.00 ;2025958.00 ;0.00 ;0.00 ;0.00 ;0.00 
2025001;0377;SU1030040000;0.00 ;0.00 ;0.00 ;6324510.37 ;0.00 ;0.00 
2025001;0377;SU5010000000;219511330.00 ;219511330.00 ;219534268.00 ;7640355.61 ;0.00 ;9255.71 
2025001;0377;SU5020000000;6437123895.00 ;6437123895.00 ;6437194380.00 ;287672667.62 ;0.00 ;70485.00 
2025001;0378;PU10010000;259183747.00 ;259183747.00 ;262132342.96 ;0.00 ;0.00 ;0.00 
2025001;0378;PU10020000;87604106.00 ;87604106.00 ;88348664.00 ;0.00 ;0.00 ;0.00 
2025001;0378;PU10030000;2583801.00 ;2583801.00 ;2608053.47 ;0.00 ;0.00 ;0.00 
2025001;0378;PU10060000;258380099.00 ;258380099.00 ;258892134.04 ;0.00 ;0.00 ;0.00 
0000000;0378;PU10180000;0.00 ;0.00 ;0.00 ;0.00 ;0.00 ;0.00 
2025001;0378;PU10200000;42115115.00 ;42115115.00 ;103046591.28 ;92831.20 ;0.00 ;0.00 
2025001;0378;PU10200100;13152040.00 ;13152040.00 ;15618217.98 ;0.00 ;0.00 ;0.00 
2025001;0378;PU10200200;28963075.00 ;28963075.00 ;87428373.30 ;92831.20 ;0.00 ;0.00 
2025001;0378;PU10230000;117628924.00 ;117628924.00 ;178833271.17 ;471340.98 ;0.00 ;0.00 
0000000;0378;PU10240000;0.00 ;0.00 ;0.00 ;0.00 ;0.00 ;0.00 
2025001;0378;PU10250000;678826085.00 ;678826085.00 ;805002005.53 ;19858265.35 ;0.00 ;0.00 
2025001;0378;SU1010000000;75000.00 ;75000.00 ;0.00 ;0.00 ;0.00 ;0.00 
2025001;0378;SU1030000000;29363075.00 ;29363075.00 ;0.00 ;136322.02 ;0.00 ;0.00 
2025001;0378;SU1030010000;28963075.00 ;28963075.00 ;0.00 ;0.00 ;0.00 ;0.00 
2025001;0378;SU1030040000;400000.00 ;400000.00 ;0.00 ;136322.02 ;0.00 ;0.00 
2025001;0378;SU5010000000;678826085.00 ;678826085.00 ;805002005.53 ;19858265.35 ;0.00 ;0.00 
2025001;0381;PU10010000;387824536.00 ;387824536.00 ;387824536.00 ;0.00 ;0.00 ;0.00 
2025001;0381;PU10020000;131084693.00 ;131084693.00 ;131084693.00 ;0.00 ;0.00 ;0.00 
2025001;0381;PU10030000;3505805.00 ;3505805.00 ;3505805.00 ;0.00 ;0.00 ;0.00 
2025001;0381;PU10060000;350580542.00 ;350580542.00 ;350580542.00 ;0.00 ;0.00 ;0.00 
0000000;0381;PU10180000;0.00 ;0.00 ;0.00 ;0.00 ;0.00 ;0.00 
0000000;0381;PU10200000;0.00 ;0.00 ;0.00 ;0.00 ;0.00 ;0.00 
0000000;0381;PU10200100;0.00 ;0.00 ;0.00 ;0.00 ;0.00 ;0.00 
0000000;0381;PU10200200;0.00 ;0.00 ;0.00 ;0.00 ;0.00 ;0.00 
2025001;0381;PU10230000;27500000.00 ;27500000.00 ;27500000.00 ;0.00 ;0.00 ;0.00 
0000000;0381;PU10240000;0.00 ;0.00 ;0.00 ;0.00 ;0.00 ;0.00 
0000000;0381;SU1010000000;0.00 ;0.00 ;0.00 ;0.00 ;0.00 ;0.00 
2025001;0381;SU1030000000;964000.00 ;964000.00 ;0.00 ;676658.61 ;0.00 ;0.00 
0000000;0381;SU1030010000;0.00 ;0.00 ;0.00 ;0.00 ;0.00 ;0.00 
2025001;0381;SU1030040000;964000.00 ;964000.00 ;0.00 ;676658.61 ;0.00 ;0.00 
2025001;0381;SU5010000000;648573450.00 ;648573450.00 ;648573450.00 ;5893717.24 ;0.00 ;0.00 
2025001;0396;FU10030000;7391990186.00-;7391990186.00-;0.00 ;335105741.46-;0.00 ;0.00 
2025001;0396;FU10040000;248391990186.00 ;248391990186.00 ;0.00 ;11570785764.77 ;0.00 ;0.00 
0000000;0396;SU1010000000;0.00 ;0.00 ;0.00 ;0.00 ;0.00 ;0.00 
0000000;0396;SU1030000000;0.00 ;0.00 ;0.00 ;0.00 ;0.00 ;0.00 
0000000;0396;SU1030040000;0.00 ;0.00 ;0.00 ;0.00 ;0.00 ;0.00 
2025001;0396;SU5010000000;99966880286.00 ;99966880286.00 ;99966880286.00 ;391862680.47 ;0.00 ;0.00 
2025001;0397;SU1010000000;1700000000.00 ;1700000000.00 ;0.00 ;161665048.00 ;0.00 ;0.00 
2025001;0397;SU1030000000;6611500000.00 ;6611500000.00 ;0.00 ;173609118.46 ;0.00 ;0.00 
2025001;0397;SU1030040000;6611500000.00 ;6611500000.00 ;0.00 ;173609118.46 ;0.00 ;0.00 
0000000;0397;SU5010000000;0.00 ;0.00 ;0.00 ;0.00 ;0.00 ;0.00 
0000000;0397;SU5010010000;0.00 ;0.00 ;0.00 ;0.00 ;0.00 ;0.00 
0000000;0397;SU5010040000;0.00 ;0.00 ;0.00 ;0.00 ;0.00 ;0.00 
2025001;0397;SU5030000000;10000000.00 ;10000000.00 ;10000000.00 ;168425.00 ;0.00 ;0.00 
0000000;0398;PU10010000;0.00 ;0.00 ;0.00 ;0.00 ;0.00 ;0.00 
0000000;0398;PU10020000;0.00 ;0.00 ;0.00 ;0.00 ;0.00 ;0.00 
0000000;0398;PU10030000;0.00 ;0.00 ;0.00 ;0.00 ;0.00 ;0.00 
0000000;0398;PU10040000;0.00 ;0.00 ;0.00 ;0.00 ;0.00 ;0.00 
0000000;0398;PU10050000;0.00 ;0.00 ;0.00 ;0.00 ;0.00 ;0.00 
0000000;0398;PU10060000;0.00 ;0.00 ;0.00 ;0.00 ;0.00 ;0.00 
2025001;0398;PU10230000;55000000.00 ;55000000.00 ;55000000.00 ;0.00 ;0.00 ;0.00 
0000000;0398;PU10240000;0.00 ;0.00 ;0.00 ;0.00 ;0.00 ;0.00 
2025001;0398;PU10250000;417800000.00 ;417800000.00 ;417800000.00 ;0.00 ;0.00 ;0.00 
2025001;0398;SU1010000000;1022700240000.00 ;1022700240000.00 ;0.00 ;79675045719.04 ;0.00 ;0.00 
2025001;0398;SU1030000000;22669520800.00 ;22669520800.00 ;0.00 ;69658829.27 ;0.00 ;0.00 
2025001;0398;SU1030040000;22669520800.00 ;22669520800.00 ;0.00 ;69658829.27 ;0.00 ;0.00 
2025001;0398;SU5010000000;7882866607.00 ;7882702969.00 ;7882702969.00 ;0.00 ;0.00 ;0.00 
2025001;0398;SU5020000000;140000000.00 ;140000000.00 ;140000000.00 ;7211850.00 ;0.00 ;0.00 
2025001;0398;SU5030000000;60000000.00 ;60000000.00 ;60000000.00 ;0.00 ;0.00 ;0.00 
2025001;0398;SU5040000000;2000000000.00 ;2000000000.00 ;2000000000.00 ;29522.00 ;0.00 ;0.00 
2025001;0398;SU5050000000;260500000.00 ;260500000.00 ;260500000.00 ;0.00 ;0.00 ;0.00 
2025001;0398;SU5060000000;9601060000.00 ;9554060000.00 ;9554060000.00 ;930833.00 ;0.00 ;0.00 
2025001;0398;SU5070000000;2235159400.00 ;2235159400.00 ;2235159400.00 ;186263286.00 ;0.00 ;0.00 
2025001;0398;SU5080000000;10206527000.00 ;10206527000.00 ;10206527000.00 ;850543916.00 ;0.00 ;0.00 
2025001;0398;SU5090000000;1299282700.00 ;1299282700.00 ;1299282700.00 ;108273558.00 ;0.00 ;0.00 
2025001;0398;SU5100000000;85000000.00 ;85000000.00 ;85000000.00 ;1500000.00 ;0.00 ;0.00 
2025001;0398;SU5110000000;154600000000.00 ;154600000000.00 ;154600000000.00 ;12775027875.00 ;0.00 ;0.00 
2025001;0398;SU5120000000;5294053205.00 ;4747777405.00 ;4747777405.00 ;52497267.29 ;0.00 ;0.00 
2025001;0398;SU5130000000;65300000000.00 ;65300000000.00 ;65300000000.00 ;4916039996.38 ;0.00 ;0.00 
2025001;0398;SU5140000000;55000000.00 ;55000000.00 ;55000000.00 ;0.00 ;0.00 ;0.00 
2025001;0398;SU5150000000;10000000000.00 ;10000000000.00 ;10000000000.00 ;0.00 ;0.00 ;0.00 
0000000;0398;SU5160000000;0.00 ;0.00 ;0.00 ;0.00 ;0.00 ;0.00 
